"aeroport","centralite"
"FRA-Frankfurt",56882
"CDG-Paris",55221
"AMS-Amsterdam",53592
"IST-Istanbul",51300
"ATL-Atlanta",46872
"PEK-Beijing",42436
"ORD-Chicago",41818
"MUC-Munich",36099
"DME-Moscow",35156
"DFW-Dallas-Fort Worth",34595
"DXB-Dubai",33480
"LHR-London",28900
"IAH-Houston",28392
"DEN-Denver",28392
"LGW-London",27225
"BCN-Barcelona",26569
"JFK-New York",25920
"FCO-Rome",24963
"MAD-Madrid",24648
"PVG-Shanghai",23256
"EWR-Newark",23256
"STN-London",23256
"CAN-Guangzhou",22052
"LAX-Los Angeles",22052
"DUS-Duesseldorf",21609
"BRU-Brussels",21462
"YYZ-Toronto",21462
"MAN-Manchester",21024
"SVO-Moscow",20736
"DUB-Dublin",20736
"CLT-Charlotte",19599
"VIE-Vienna",18906
"ZRH-Zurich",18632
"MIA-Miami",18090
"DTW-Detroit",18090
"LAS-Las Vegas",17689
"HKG-Hong Kong",17556
"ICN-Seoul",17161
"MSP-Minneapolis",16900
"PMI-Palma de Mallorca",15876
"SIN-Singapore",15376
"IAD-Washington",15372
"ARN-Stockholm",15129
"PHL-Philadelphia",14762
"CPH-Copenhagen",14520
"BKK-Bangkok",14400
"ORY-Paris",14042
"DOH-Denizli",13455
"AGP-Malaga",13225
"KUL-Kuala Lumpur",12210
"LED-St. Petersburg",12208
"TXL-Berlin",11990
"MXP-Milano",11877
"CTU-Chengdu",11664
"OSL-Oslo",10816
"SFO-San Francisco",10816
"NRT-Tokyo",10609
"ATH-Athens",10608
"BOS-Boston",10506
"TPE-Taipei",10506
"MCO-Orlando",10404
"LIS-Lisbon",10403
"JED-Jeddah",10272
"GVA-Geneva",10100
"SAW-Istanbul",9604
"FLL-Fort Lauderdale",9409
"ALC-Alicante",9216
"DEL-Delhi",9216
"KMG-Kunming",9025
"PRG-Prague",8836
"MEX-Mexico City",8742
"YUL-Montreal",8556
"CGN-Cologne",8464
"SEA-Seattle",8460
"PHX-Phoenix",8281
"GRU-Sao Paulo",8280
"SLC-Salt Lake City",8190
"NCE-Nice",8100
"DCA-Washington",8099
"CKG-Chongqing",7921
"EDI-Edinburgh",7832
"HEL-Helsinki",7744
"CMN-Casablanca",7569
"HAM-Hamburg",7569
"AUH-Abu Dhabi",7568
"XIY-Xi'an",7396
"SZX-Shenzhen",7396
"LTN-London",7225
"SYD-Sydney",7055
"MRS-Marseille",6972
"CRL-Charleroi",6889
"TFS-Tenerife",6889
"CAI-Cairo",6642
"BOM-Mumbai",6642
"JNB-Johannesburg",6642
"LPA-Gran Canaria",6640
"BHX-Birmingham",6561
"BGY-Bergamo",6400
"STR-Stuttgart",6400
"TLV-Tel-aviv",6162
"RUH-Riyadh",6162
"MNL-Manila",6084
"WAW-Warsaw",6084
"CUN-Cancun",6084
"SHJ-Sharjah",5929
"BUD-Budapest",5929
"LYS-Lyon",5852
"MLA-Malta",5776
"YVR-Vancouver",5625
"MDW-Chicago",5550
"BOG-Bogota",5476
"HND-Tokyo",5402
"VCE-Venice",5329
"BRS-Bristol",5256
"VKO-Moscow",5256
"XMN-Xiamen",5184
"BWI-Baltimore",5184
"PTY-Panama City",5184
"HGH-Hangzhou",5184
"CSX-Changcha",4900
"LGA-New York",4830
"ADD-Addis Ababa",4824
"SXF-Berlin",4692
"RIX-Riga",4624
"SHA-Shanghai",4556
"TPA-Tampa",4556
"OTP-Bucharest",4488
"WUH-Wuhan",4356
"BSL-Mulhouse",4290
"PSA-Pisa",4225
"SVX-Yekaterinburg",4224
"BLQ-Bologna",4096
"AYT-Antalya",4032
"CGK-Jakarta",4032
"GLA-Glasgow",3906
"NBO-Nairobi",3904
"ALG-Algier",3844
"SHE-Shenyang",3844
"FAO-Faro",3843
"EIN-Eindhoven",3782
"KBP-Kiev",3782
"OPO-Porto",3721
"STL-St. Louis",3660
"TUN-Tunis",3600
"YYC-Calgary",3540
"DLC-Dalian",3481
"BVA-Beauvais",3481
"HER-Heraklion",3422
"IBZ-Ibiza",3364
"HRB-Harbin",3306
"EMA-East Midlands",3249
"PDX-Portland",3249
"KIX-Osaka",3249
"VLC-Valencia",3249
"BNE-Brisbane",3245
"TAS-Tashkent",3192
"AMM-Amman",3192
"KWI-Kuwait",3136
"CLE-Cleveland",3136
"LIM-Lima",3136
"NTE-Nantes",3080
"SAN-San Diego",3080
"ACE-Arrecife",3078
"URC-Urumqi",3025
"CGO-Zhengzhou",3025
"SKG-Thessaloniki",2970
"MEL-Melbourne",2970
"SGN-Ho Chi Minh City",2916
"LUX-Luxemburg",2916
"NKG-Nanjing",2916
"TAO-Qingdao",2916
"LCA-Larnaca",2915
"MCT-Muscat",2756
"KRK-Krakow",2704
"TSN-Tianjin",2704
"FUE-Fuerteventura",2703
"OVB-Novosibirsk",2652
"BEG-Belgrade",2601
"NAP-Naples",2601
"LBA-Leeds",2601
"VCP-Campinas",2601
"HNL-Honolulu",2550
"HAJ-Hannover",2500
"CIA-Rome",2500
"GIG-Rio De Janeiro",2450
"GRO-Gerona",2401
"BOD-Bordeaux",2401
"BGO-Bergen",2401
"SJU-San Juan",2352
"NCL-Newcastle",2352
"RAK-Marrakech",2352
"SFB-Sanford",2352
"CTA-Catania",2350
"RHO-Rhodos",2350
"DMK-Bangkok",2304
"LPL-Liverpool",2304
"KWE-Guiyang",2304
"HOU-Houston",2303
"AKL-Auckland",2250
"FOC-Fuzhou",2209
"GDN-Gdansk",2209
"HHN-Hahn",2209
"CVG-Cincinnati",2209
"TYN-Taiyuan",2209
"DMM-Dammam",2209
"TLS-Toulouse",2162
"BNA-Nashville",2162
"CCS-Caracas",2116
"VNO-Vilnius",2116
"HAN-Hanoi",2116
"ALA-Alma-ata",2025
"ADB-Izmir",1980
"BSB-Brasilia",1980
"BEY-Beirut",1980
"PUJ-Punta Cana",1978
"NNG-Nanning",1936
"IKA-Tehran",1892
"BRE-Bremen",1849
"MCI-Kansas City",1849
"ESB-Ankara",1848
"NGO-Nagoya",1806
"AEP-Buenos Aires",1806
"DPS-Denpasar",1764
"AUS-Austin",1722
"LOS-Lagos",1722
"SOF-Sofia",1681
"DBV-Dubrovnik",1681
"TNA-Jinan",1681
"CMB-Colombo",1681
"BRI-Bari",1681
"SYX-Sanya",1681
"GDL-Guadalajara",1681
"MSQ-Minsk 2",1681
"KWL-Guilin",1640
"EZE-Buenos Aires",1600
"NAY-Beijing",1600
"BAH-Bahrain",1600
"BLR-Bangalore",1560
"SCL-Santiago",1560
"MSY-New Orleans",1521
"GYD-Baku",1521
"RDU-Raleigh-durham",1521
"BLL-Billund",1521
"PMO-Palermo",1482
"DWC-Dubai",1480
"NRN-Weeze",1444
"NGB-Ninbo",1444
"MFM-Macau",1444
"CAG-Cagliari",1444
"PER-Perth",1444
"SVQ-Sevilla",1444
"KHN-Nanchang",1444
"TSF-Treviso",1444
"MHD-Mashhad",1443
"MAA-Madras",1443
"NAS-Nassau",1406
"CFU-Kerkyra/corfu",1406
"HAK-Haikou",1406
"YEG-Edmonton",1406
"SJO-San Jose",1406
"CHQ-Chania",1406
"KHH-Kaohsiung",1369
"HET-Hohhot",1369
"FUK-Fukuoka",1369
"ISB-Islamabad",1369
"PIT-Pittsburgh",1369
"KHI-Karachi",1332
"CTS-Sapporo",1332
"SPU-Split",1296
"LAD-Luanda",1296
"PUS-Busan",1296
"CCU-Kolkata",1296
"SVG-Stavanger",1295
"LCY-London",1260
"SJW-Shijiazhuang",1225
"HFE-Hefei",1225
"BIO-Bilbao",1225
"IND-Indianapolis",1225
"RYG-Rygge",1225
"SAT-San Antonio",1225
"MED-Madinah",1176
"TSE-Tselinograd",1156
"THR-Teheran",1156
"ANC-Anchorage",1156
"OAK-Oakland",1122
"KRR-Krasnodar",1122
"POM-Port Moresby",1122
"DAC-Dhaka",1122
"RSW-Fort Myers",1089
"CNF-Belo Horizonte",1089
"WNZ-Wenzhou",1089
"LIN-Milan",1089
"EVN-Yerevan",1089
"LHW-Lanzhou",1089
"SXM-Philipsburg",1089
"CJU-Cheju",1089
"KEF-Keflavik",1088
"OLB-Olbia",1024
"CMH-Columbus",1024
"OKA-Okinawa",1024
"AZA-Mesa",1024
"MTY-Monterrey",1024
"GOT-Gothenborg",1024
"SAL-San Salvador",992
"MEM-Memphis",992
"HKT-Phuket",992
"TIJ-Tijuana",992
"AHO-Alghero",961
"NYO-Stockholm",961
"WRO-Wroclaw",961
"LHE-Lahore",961
"DKR-Dakar",961
"PIE-St. Petersburg",961
"KTM-Kathmandu",961
"NUE-Nuernberg",960
"TRD-Trondheim",930
"DYU-Dushanbe",930
"HAV-Havana",930
"YHZ-Halifax",924
"BKI-Kota Kinabalu",900
"ORK-Cork",900
"FNC-Funchal",900
"TRF-Sandefjord",900
"ZUH-Zhuhai",900
"MKE-Milwaukee",900
"INC-Yinchuan",870
"JER-Jersey",870
"SJC-San Jose",870
"LIL-Lille",870
"CNS-Cairns",870
"CGQ-Changchun",841
"ABZ-Aberdeen",841
"SSA-Salvador",841
"CEB-Cebu",841
"TRN-Torino",841
"RTM-Rotterdam",841
"KGS-Kos",840
"ACC-Accra",840
"KJA-Krasnoyarsk",812
"RGN-Yangon",812
"SMF-Sacramento",812
"DTM-Dortmund",812
"TLL-Tallinn-ulemiste International",784
"TPS-Trapani",784
"LJG-Lijiang",784
"DLM-Dalaman",784
"BFS-Belfast",783
"MLE-Male",783
"SDQ-Santo Domingo",756
"LEJ-Leipzig",756
"ZAG-Zagreb",756
"PPT-Papeete",756
"KTW-Katowice",729
"POA-Porto Alegre",702
"MBJ-Montego Bay",702
"SXB-Strasbourg",676
"SNN-Shannon",676
"UPG-Ujung Pandang",676
"CNX-Chiang Mai",676
"CGH-Sao Paulo",676
"BDL-Windsor Locks",676
"WMI-Warsaw",676
"YOW-Ottawa",676
"IKT-Irkutsk",676
"ADL-Adelaide",676
"FLR-Florence",676
"JAX-Jacksonville",676
"HRG-Hurghada",650
"SUB-Surabaya",650
"PFO-Paphos",625
"TIP-Tripoli",625
"AJA-Ajaccio",625
"KIV-Chisinau",625
"NBE-Nizhnekamsk",625
"AUA-Oranjestad",625
"TBS-Tbilisi",600
"MRU-Plaisance",600
"SYZ-Shiraz",576
"ZAD-Zadar",576
"MAH-Menorca",575
"UIO-Quito",552
"NAN-Nandi",552
"SWA-Shantou",552
"CWB-Curitiba",552
"YNT-Yantai",529
"MYR-Myrtle Beach",529
"BIA-Bastia",529
"YWG-Winnipeg",529
"SOU-Southampton",529
"RMQ-Taichung",529
"ABQ-Albuquerque",529
"PBI-West Palm Beach",529
"DJE-Djerba",529
"ABV-Abuja",529
"SAH-Sanaa",528
"VRN-Villafranca",506
"SDF-Louisville",506
"DAL-Dallas",504
"ITM-Osaka",484
"FRU-Bishkek",484
"ANU-Antigua",484
"SJD-San Jose Del Cabo",484
"ORN-Oran",484
"LJU-Ljubljana",484
"ROV-Rostov",484
"KRT-Khartoum",484
"SKP-Skopje",484
"SNA-Santa Ana",462
"CPT-Cape Town",462
"BET-Bethel",462
"SCQ-Santiago",462
"KHV-Khabarovsk",441
"KZN-Kazan",441
"PIK-Prestwick",441
"POS-Port-of-spain",441
"FMM-Memmingen",441
"PVR-Puerto Vallarta",441
"WLG-Wellington",441
"COK-Kochi",441
"SUF-Lamezia",441
"OGG-Kahului",441
"OKC-Oklahoma City",440
"TNR-Antananarivo",420
"BJV-Bodrum",420
"CHC-Christchurch",420
"AGA-Agadir",420
"ABJ-Abidjan",420
"DAR-Dar Es Salaam",418
"GRR-Grand Rapids",400
"TOS-Tromso",400
"VLI-Port-vila",400
"BUF-Buffalo",400
"DAD-Danang",400
"EBL-Erbil",400
"PEN-Penang",400
"MPL-Montpellier",400
"GSP-Greenville",400
"IEV-Kiev",400
"BHM-Birmingham",400
"KUF-Samara",400
"DRW-Darwin",400
"PLS-Providenciales",400
"REP-Siem-reap",400
"MYY-Miri",400
"YKS-Yakutsk",400
"GUA-Guatemala City",399
"DLA-Douala",399
"HBE-Alexandria",399
"CHS-Charleston",380
"CWL-Cardiff",380
"SZG-Salzburg",380
"POZ-Poznan",361
"WUX-Wuxi",361
"UFA-Ufa",361
"GSE-Gothenborg",361
"TSA-Taipei",361
"DSN-Dongsheng",361
"CUR-Willemstad",361
"ALB-Albany",361
"BDS-Brindisi",361
"XNN-Xining",361
"RIC-Richmond",361
"OMA-Omaha",361
"BZE-Belize City",361
"EXT-Exeter",361
"GUM-Agana",361
"KIN-Kingston",361
"KUN-Kaunas",361
"LBD-Khudzhand",361
"FAI-Fairbanks",360
"HIR-Honiara",360
"SSH-Sharm El Sheikh",342
"TJM-Tyumen",342
"GYE-Guayaquil",342
"COO-Cotonou",342
"GCM-Georgetown",342
"STT-St. Thomas",342
"XUZ-Xuzhou",324
"YQB-Quebec",324
"CGB-Cuiaba",324
"TIA-Tirana",324
"CLJ-Cluj-napoca",324
"CZX-Changzhou",324
"CLO-Cali",324
"TUL-Tulsa",324
"BHD-Belfast",324
"SDU-Rio De Janeiro",324
"YZF-Yellowknife",324
"MAO-Manaus",324
"TXN-Huangshan",324
"REC-Recife",324
"JJN-Quanzhou",324
"FOR-Fortaleza",324
"BTS-Bratislava",324
"FKB-Karlsruhe/Baden-Baden",324
"ROC-Rochester",324
"DRS-Dresden",324
"MDE-Rio Negro",324
"YCU-Yuncheng",324
"ORF-Norfolk",323
"AER-Sochi",306
"BGI-Bridgetown",306
"PGD-Punta Gorda",306
"FIH-Kinshasa",304
"PVD-Providence",289
"SDR-Santander",289
"GOA-Genoa",289
"BAV-Baotou",289
"TRV-Trivandrum",289
"SCO-Aktau",289
"PSP-Palm Springs",289
"PEW-Peshawar",289
"PRN-Pristina",289
"BTH-Batam",289
"AMD-Ahmedabad",289
"MJV-Murcia",289
"BOH-Bournemouth",289
"TYS-Knoxville",289
"BEL-Belem",289
"TFN-Tenerife",289
"DSM-Des Moines",289
"CCJ-Calicut",288
"EBB-Entebbe",285
"KGL-Kigali",272
"PDL-Ponta Delgada",272
"LIT-Little Rock",272
"ADE-Aden",270
"BKO-Bamako",256
"VTE-Vientiane",256
"FEZ-Fes",256
"LPB-La Paz",256
"REU-Reus",256
"BOI-Boise",256
"LWO-Lvov",256
"DAY-Dayton",256
"SYR-Syracuse",256
"MRV-Mineralnye Vody",256
"LUN-Lusaka",252
"LBV-Libreville",240
"OME-Nome",240
"MIG-Mianyang",240
"TUS-Tucson",240
"XRY-Jerez",225
"LXA-Lhasa",225
"VVO-Vladivostok",225
"HPN-White Plains",225
"LIR-Liberia",225
"BMA-Stockholm",225
"NOC-Connaught",225
"GOJ-Nizhniy Novgorod",225
"PNH-Phnom-penh",225
"SAP-San Pedro Sula",225
"OMS-Omsk",225
"RAI-Praia, Santiago Island",225
"MPM-Maputo",225
"BHY-Beihai",225
"YXL-Sioux Lookout",224
"OUA-Ouagadougou",210
"GCI-Guernsey",210
"LEI-Almeria",210
"BOO-Bodo",210
"SDJ-Sendai",210
"ONT-Ontario",210
"CEK-Chelyabinsk",196
"GSO-Greensboro",196
"YIW-Yiwu",196
"LFW-Lome",196
"KCH-Kuching",196
"SEN-Southend",196
"IFN-Esfahan",196
"TTN-Trenton",196
"BPN-Balikpapan",196
"XNA-Bentonville",196
"YIH-Yichang",196
"LYI-Linyi",196
"JNU-Juneau",196
"PMV-Porlamar",196
"KBL-Kabul",195
"PUY-Pula",182
"RNO-Reno",182
"ULN-Ulan Bator",182
"JOG-Yogyakarta",169
"OSS-Osh",169
"LEX-Lexington KY",169
"SAV-Savannah",169
"GMP-Seoul",169
"LZH-Liuzhou",169
"BGW-Baghdad",169
"YTZ-Toronto",169
"ZHA-Zhanjiang",169
"SJJ-Sarajevo",169
"BWN-Bandar Seri Begawan",169
"ZYI-Zunyi",169
"DUR-Durban",169
"AAL-Aalborg",169
"MHT-Manchester NH",169
"OOL-Coolangatta",169
"LYG-Lianyungang",169
"AWZ-Ahwaz",169
"YTY-Yangzhou",169
"HMO-Hermosillo",169
"BIQ-Biarritz-bayonne",169
"RUN-St.-denis",169
"YYT-St. John's",156
"ELP-El Paso",156
"PTP-Pointe-a-pitre",156
"OTZ-Kotzebue",156
"POP-Puerto Plata",154
"HRE-Harare",154
"BUR-Burbank",144
"HIA-Hahn",144
"DYG-Dayong",144
"GAU-Guwahati",144
"BRN-Bern",144
"SZB-Kuala Lumpur",144
"MMX-Malmoe",144
"WDH-Windhoek",144
"LGB-Long Beach",144
"ZTH-Zakynthos",144
"TNG-Tanger",144
"KOJ-Kagoshima",144
"PAP-Port-au-prince",144
"JHB-Johor Bahru",144
"FLN-Florianopolis",144
"DOK-Donetsk",144
"RAO-Ribeirao Preto",144
"NDR-El Aroui",144
"YNZ-Yancheng",144
"BIL-Billings",144
"FDH-Friedrichshafen",144
"JIB-Djibouti",144
"MDT-Harrisburg",144
"ODS-Odessa",144
"MVD-Montevideo",144
"SGC-Surgut",144
"TGD-Podgorica",144
"BEN-Benghazi",144
"TSR-Timisoara",144
"BND-Bandar Abbas",144
"SID-Amilcar Cabral",135
"KTN-Ketchikan",132
"PLU-Belo Horizonte",132
"SUV-Nausori",132
"VVI-Santa Cruz",132
"ICT-Wichita",132
"BZV-Brazzaville",132
"PNQ-Pune",132
"NGS-Nagasaki",121
"LZO-Luzhou",121
"CIH-Changzhi",121
"MSN-Madison",121
"FNA-Freetown",121
"CID-Cedar Rapids",121
"KOI-Kirkwall",121
"CAK-Akron",121
"PNS-Pensacola",121
"MDC-Manado",121
"LIH-Lihue",121
"UVF-Hewandorra",121
"GYN-Goiania",121
"CZL-Constantine",121
"BOJ-Bourgas",121
"YYR-Goose Bay",121
"FMO-Munster",121
"TGU-Tegucigalpa",121
"UUS-Yuzhno-sakhalinsk",121
"COR-Cordoba",121
"ASB-Ashkhabad",121
"YLW-Kelowna",121
"GRZ-Graz",121
"FAT-Fresno",121
"GOI-Goa",121
"BES-Brest",121
"RZE-Rzeszow",121
"COS-Colorado Springs",121
"TRS-Ronchi De Legionari",121
"KOA-Kona",121
"CLY-Calvi",121
"FDF-Fort-de-france",110
"AHB-Abha",110
"INV-Inverness",110
"WIL-Nairobi",110
"YRT-Rankin Inlet",110
"NSK-Norilsk",110
"CGR-Campo Grande",100
"GEG-Spokane",100
"CIF-Chifeng",100
"FAR-Fargo",100
"VOG-Volgograd",100
"USM-Ko Samui",100
"TLC-Toluca",100
"LOP-Praya",100
"HAU-Haugesund",100
"UUD-Ulan-ude",100
"MLI-Moline",100
"YZV-Sept-iles",100
"KIJ-Niigata",100
"TBZ-Tabriz",100
"ASU-Asuncion",100
"ISP-Islip",100
"MIR-Monastir",100
"AES-Alesund",100
"BJX-Del Bajio",100
"TMP-Tampere",100
"NZH-Bagan",100
"NUX-Novy Urengoy",100
"YFB-Iqaluit",100
"TSV-Townsville",100
"IOM-Isle Of Man",100
"KOW-Ganzhou",100
"AOI-Ancona",100
"KGD-Kaliningrad",100
"CCF-Carcassonne",100
"CUU-Chihuahua",100
"CAE-Columbia",100
"BTV-Burlington",100
"PIA-Peoria",100
"SON-Santo",100
"CGP-Chittagong",100
"FWA-Fort Wayne",100
"OVD-Aviles",100
"FPO-Freeport",100
"ADA-Adana",100
"LIG-Limoges",100
"JRO-Kilimanjaro",99
"YQT-Thunder Bay",99
"NTG-Nantes",90
"SPN-Saipan",90
"RTB-Roatan",90
"JTR-Thira",90
"JMK-Mykonos",90
"MST-Maastricht",90
"ELQ-Gassim",90
"YVP-Quujjuaq",90
"NAT-Natal",90
"YWK-Wabush",90
"NSI-Yaounde",84
"RBA-Rabat",81
"RAR-Avarua",81
"BLK-Blackpool",81
"PVK-Preveza",81
"BDO-Bandung",81
"WUS-Wuyishan",81
"EUG-Eugene",81
"FSC-Figari",81
"HTA-Chita",81
"HLD-Hailar",81
"XFN-Xiangfan",81
"YQR-Regina",81
"GOH-Godthaab",81
"VER-Vera Cruz",81
"MZT-Mazatlan",81
"LYA-Luoyang",81
"VIX-Vitoria",81
"SBN-South Bend",81
"PNR-Pointe-noire",81
"NJC-Nizhnevartovsk",81
"FUG-Fuyang",81
"OUD-Oujda",81
"BZR-Beziers",81
"JAN-Jackson",81
"BLI-Bellingham",81
"UDI-Uberlandia",81
"JNG-Jining",81
"EGC-Bergerac",81
"EGO-Belgorod",81
"ROA-Roanoke VA",81
"ABE-Allentown",81
"SEZ-Mahe",81
"KMQ-Kanazawa",81
"DVO-Davao",81
"TIF-Taif",81
"HIJ-Hiroshima",81
"DJJ-Jayapura",81
"FSD-Sioux Falls",81
"PSR-Pescara",81
"YXE-Saskatoon",81
"DNK-Dnepropetrovsk",81
"CZM-Cozumel",81
"LAE-Nadzab",81
"SRG-Semarang",81
"LKO-Lucknow",81
"HSV-Huntsville",81
"ACY-Atlantic City",81
"NDJ-N'djamena",81
"VAR-Varna",81
"JHG-Jinghonggasa",81
"ISA-Mount Isa",81
"RNS-Rennes",81
"NMA-Namangan",81
"SGF-Springfield",81
"SKT-Sialkot",81
"NOU-Noumea",81
"NKC-Nouakschott",81
"BVC-Boa Vista",78
"RIY-Mukalla",72
"NIM-Niamey",72
"HRK-Kharkov",72
"SSG-Malabo",72
"GEA-Noumea",72
"PAC-Panama",72
"KIH-Kish Island",72
"VRA-Varadero",72
"NJF-Najaf",72
"AMQ-Ambon",72
"HGU-Mount Hagen",72
"MBA-Mombasa",72
"DZA-Dzaoudzi",70
"NWI-Norwich",64
"MDL-Mandalay",64
"MGF-Maringa",64
"LRM-La Romana",64
"LRH-La Rochelle",64
"MID-Merida",64
"VSA-Villahermosa",64
"CIY-Comiso",64
"GBE-Gaberone",64
"WXN-Wanxian",64
"ZAZ-Zaragoza",64
"KUT-Kutaisi",64
"CIT-Chimkent",64
"AJU-Aracaju",64
"CTG-Cartagena",64
"HTY-Hatay",64
"CKY-Conakry",64
"BDA-Bermuda",64
"CGD-Changde",64
"AVL-Asheville",64
"UKB-Kobe",64
"EYW-Key West",64
"JDZ-Jingdezhen",64
"SLY-Salekhard",64
"YXS-Prince George",64
"DOM-Dominica",64
"TGO-Tongliao",64
"HMA-Khanty-Mansiysk",64
"BMI-Bloomington",64
"PSC-Pasco",64
"MUX-Multan",64
"UET-Quetta",64
"ILO-Iloilo",64
"MAR-Maracaibo",64
"BDJ-Banjarmasin",64
"SFJ-Sondrestrom",64
"KRS-Kristiansand",64
"KLO-Kalibo",64
"YYJ-Victoria",64
"FNT-Flint",64
"AAR-Aarhus",64
"GND-Point Salines",64
"TER-Lajes (terceira Island)",64
"STI-Santiago",64
"ASP-Alice Springs",64
"PAD-Paderborn",64
"DSA-Doncaster, Sheffield",64
"ADZ-San Andres Island",64
"ECN-Nicosia",64
"CHA-Chattanooga",64
"OKJ-Okayama",64
"MYJ-Matsuyama",64
"MGA-Managua",64
"EOH-Medellin",64
"CRK-Angeles City",64
"ISU-Sulaymaniyah",64
"RAB-Tokua",64
"JAI-Jaipur",64
"SLZ-Sao Luis",64
"HFT-Hammerfest",63
"MGQ-Mogadishu",56
"MJT-Mytilini",56
"LNZ-Linz",56
"VTZ-Vishakhapatnam",56
"SMI-Samos",56
"JUB-Juba",56
"MDZ-Mendoza",56
"YNB-Yenbo",56
"BME-Broome",56
"ANI-Aniak",56
"ASM-Asmara",56
"NAG-Nagpur",56
"PLM-Palembang",56
"IXE-Mangalore",56
"NBC-Nizhnekamsk",49
"SZZ-Szczecin",49
"RJK-Rijeka",49
"NYM-Nadym",49
"GTF-Great Falls",49
"WEF-Weifang",49
"SPC-Santa Cruz De La Palma",49
"EVE-Harstad/Narvik",49
"ASF-Astrakhan",49
"LPQ-Luang Prabang",49
"MRA-Makale",49
"GUW-Atyrau",49
"MCZ-Maceio",49
"TZX-Trabzon",49
"PKU-Pekanbaru",49
"AGU-Aguascalientes",49
"YQM-Moncton",49
"TUU-Tabuk",49
"YGW-Havre-Saint-Pierre",49
"CJB-Coimbatore",49
"BFJ-Bijie",49
"MAG-Madang",49
"IGU-Foz Do Iguacu",49
"TLH-Tallahassee",49
"DAT-Datong",49
"PBM-Zandery",49
"ATW-Appleton",49
"LDB-Londrina",49
"BJL-Banjul",49
"YMM-Fort Mcmurray",49
"AQG-Anqing",49
"APL-Nampula",49
"ZAH-Zahedan",49
"GWT-Westerland",49
"KMI-Miyazaki",49
"FSZ-St.-pierre",49
"UYN-Yulin",49
"GEO-Georgetown",49
"MFR-Medford",49
"KAN-Kano",49
"IOS-Ilheus",49
"JMU-Jiamusi",49
"LBB-Lubbock",49
"YEV-Inuvik",49
"AAE-Annaba",49
"IAS-Iasi",49
"RAS-Rasht",49
"TKU-Turku",49
"ZNZ-Zanzibar",49
"TDD-Trinidad",49
"MLM-Morelia",49
"NNY-Nanyang",49
"HYN-Huangyan",49
"JGS-Jiayuguan",49
"YBP-Yibin",49
"BSR-Basrah",49
"ISG-Ishigaki",49
"VDS-Vadsø",49
"KLX-Kalamata",49
"CUL-Culiacan",49
"KBR-Kota Bahru",49
"BZN-Bozeman",49
"HSN-Zhoushan",49
"MSO-Missoula",49
"CEE-Cherepovets",49
"LXR-Luxor",49
"RAP-Rapid City",49
"YRL-Red Lake",48
"KSU-Kristiansund",42
"LCE-La Ceiba",42
"LLW-Lilongwe",42
"MAF-Midland",42
"SBH-Gustavia",42
"ALF-Alta",42
"FBM-Lubumashi",42
"LGG-Liege",42
"BRW-Barrow",42
"CBB-Cochabamba",42
"HAH-Moroni",42
"HOG-Holguin",40
"ADQ-Kodiak",40
"SCW-Syktyvkar",36
"POL-Pemba",36
"UKK-Ust Kamenogorsk",36
"MHH-Marsh Harbor",36
"ATQ-Amritsar",36
"KBV-Krabi",36
"TOY-Toyama",36
"ERF-Erfurt",36
"CFE-Clermont-Ferrand",36
"JIQ-Jimma",36
"TET-Tete",36
"FEG-Fergana",36
"RDM-Redmond-Bend",36
"TRC-Torreon",36
"VLN-Valencia",36
"TMM-Toamasina",36
"LCG-La Coruna",36
"PZO-Guayana",36
"BRC-San Carlos De Bariloche",36
"MUR-Marudi",36
"SXR-Srinagar",36
"CHO-Charlottesville VA",36
"ROB-Monrovia",36
"IDR-Indore",36
"GZP-Alanya",36
"YYY-Mont Joli",36
"NKM-Nagoya",36
"BPS-Porto Seguro",36
"SJP-Sao Jose Do Rio Preto",36
"SBW-Sibu",36
"GJT-Grand Junction",36
"SRQ-Sarasota",36
"MOL-Molde",36
"DOY-Dourados",36
"HRL-Harlingen",36
"VOZ-Voronezh",36
"NLA-Ndola",36
"LRR-Lar",36
"HMI-Hami",36
"SBA-Santa Barbara",36
"MUB-Maun",36
"SLU-Castries",36
"CJS-Ciudad Juarez",36
"LAN-Lansing",36
"PBC-Puebla",36
"HME-Hassi Messaoud",36
"KGF-Karaganda",36
"BEW-Beira",36
"SLP-San Luis Potosi",36
"MRY-Monterey",36
"MDG-Mudanjiang",36
"ACK-Nantucket",36
"ILG-Wilmington",36
"YKQ-Yakima",36
"HDG-Handan",36
"MJZ-Mirnyj",36
"INN-Innsbruck",36
"UME-Umea",36
"HKD-Hakodate",36
"YGJ-Miho",36
"LAP-La Paz",36
"ARH-Arkhangelsk",36
"PKN-Pangkalan Bun",36
"KMJ-Kumamoto",36
"TIV-Tivat",36
"YNJ-Yanji",36
"SOQ-Sorong",36
"KIR-Kerry",36
"AKN-King Salmon",36
"JPA-Joao Pessoa",36
"BAQ-Barranquilla",36
"TAI-Taiz",36
"AVP-Scranton",36
"NAO-Nanchong",36
"SLL-Salalah",36
"BON-Kralendijk",36
"THE-Teresina",36
"TAK-Takamatsu",36
"CBR-Canberra",36
"KOE-Kupang",36
"BLA-Barcelona",36
"LUZ-Luxemburg",36
"BGR-Bangor",36
"ROR-Babelthuap",36
"VPE-Ondjiva",36
"BOB-Bora Bora",35
"HGA-Hargeisa",35
"MAB-Maraba",32
"REL-Trelew",30
"STM-Santarem",30
"UGC-Urgench",30
"TUK-Turbat",30
"BBI-Bhubaneswar",30
"YTH-Thompson",30
"RGI-Rangiroa",30
"AZR-Adrar",30
"AMA-Amarillo",30
"YSB-Sudbury",30
"GAL-Galena",30
"YTS-Timmins",30
"PHE-Port Hedland",30
"ANF-Antofagasta",30
"RPR-Raipur",30
"SKD-Samarkand",30
"ZQW-Zweibruecken",30
"NEV-Charlestown",30
"BBO-Berbera",30
"EFL-Keffallinia",30
"GGT-Great Exuma",30
"VXO-Vaxjo",30
"GRQ-Groningen",30
"OGX-Ouargla",30
"SKB-Basse Terre",30
"KKN-Kirkenes",30
"ZBR-Chah Bahar",30
"CRW-Charleston",27
"TRK-Taraken",25
"LLA-Lulea",25
"VII-Vinh",25
"HAS-Hail",25
"KUS-Kuopio",25
"RKV-Reykjavik",25
"DIG-Shangri-La",25
"SCC-Deadhorse",25
"VFA-Victoria Falls",25
"GIB-Gibraltar",25
"REN-Orenburg",25
"IMF-Imphal",25
"RFD-Rockford",25
"CCC-Cunagua",25
"SYY-Stornoway",25
"YXU-London",25
"QRO-Queretaro",25
"OIT-Oita",25
"DIE-Antsiranana",25
"BUS-Batumi",25
"ACA-Acapulco",25
"IAG-Niagara Falls",25
"TEN-Tongren",25
"ROS-Rosario",25
"HDY-Hat Yai",25
"TFF-Tefe",25
"YVO-Val D'or",25
"MMK-Murmansk",25
"SFA-Sfax",25
"LGK-Langkawi",25
"AXT-Akita",25
"MOB-Mobile",25
"IBR-Ibaraki",25
"PMC-Puerto Montt",25
"EBA-Marina Di Campo",25
"SHV-Shreveport",25
"ASR-Kayseri",25
"PIS-Poitiers",25
"DAX-Dazhou",25
"TJA-Tarija",25
"NTL-Newcastle",25
"LSI-Sumburgh",25
"OAX-Oaxaca",25
"GFK-Grand Forks",25
"BFL-Bakersfield",25
"ZIH-Zihuatanejo",25
"PPS-Puerto Princesa",25
"LDY-Londonderry",25
"KTA-Karratha",25
"BNN-Bronnoysund",25
"MKY-Mackay",25
"NQY-Newquai",25
"ETZ-Metz",25
"MKW-Manokwari",25
"ZCL-Zacatecas",25
"BIS-Bismarck",25
"LMM-Los Mochis",25
"MWX-Muan",25
"PKZ-Pakse",25
"SPR-Menongue",25
"NOJ-Noyabrsk",25
"JUH-Juba",25
"PBG-Plattsburgh",25
"MEH-Mehamn",25
"HDF-Heringsdorf",25
"JDO-Juazeiro Do Norte",25
"CUF-Cuneo",25
"JZH-Jiuzhaigou",25
"GSM-Gothenborg",25
"IXB-Baghdogra",25
"YXJ-Fort Saint John",25
"PGU-Khalije Fars",25
"TUF-Tours",25
"KVA-Kavala",25
"RLG-Laage",25
"REX-Reynosa",25
"VNS-Varanasi",25
"ELM-Elmira",25
"OVS-Sovetskiy",25
"FCA-Kalispell",25
"STX-St. Croix Island",25
"SIP-Simferopol",25
"TAM-Tampico",25
"TGZ-Tuxtla Gutierrez",25
"SWF-Newburgh",25
"HMB-Sohag",25
"ATZ-Asyut",25
"MAS-Momote",25
"LDE-Tarbes",25
"UAK-Narssarssuaq",25
"AQP-Arequipa",25
"PLJ-Pakse",25
"BTU-Bintulu",25
"RTW-Saratov",25
"PEG-Perugia",25
"PHF-Newport News",25
"TAH-Tanna",25
"VPS-Valparaiso",25
"ECP-Panama City",25
"CGY-Ladag",25
"PMR-Palmerston North",25
"BQS-Blagoveschensk",25
"ILM-Wilmington",25
"PGF-Perpignan",25
"CUZ-Cuzco",25
"MFE-Mcallen",25
"AOJ-Aomori",25
"KRL-Korla",25
"GRX-Granada",25
"TVS-Thief River Falls",25
"VGO-Vigo",25
"PBH-Thimphu",25
"MXZ-Meixian",25
"NVT-Navegantes",25
"LST-Launceston",25
"GZT-Gaziantep",25
"IQQ-Iquique",25
"TWU-Tawau",25
"OXB-Bissau",25
"NUS-Norsup",25
"TZA-Knoxville",25
"GNV-Gainesville",25
"VVC-Villavicencio",25
"PEE-Perm",25
"ACX-Xingyi",25
"JAV-Ilulissat",25
"HOR-Horta",25
"CRD-Comodoro Rivadavia",24
"VXE-Sao Vicente Island",24
"UNK-Unalakleet",24
"PWM-Portland",24
"ZQN-Queenstown International",24
"IMP-Imperatriz",20
"SVD-Kingstown",20
"MJF-Mosjoen",20
"RGL-Rio Gallegos",20
"HLN-Helena",20
"FYU-Fort Yukon",20
"MQN-Mo i Rana",20
"BVE-Brive",20
"WJR-Wajir",20
"FRO-Floro",20
"RFP-Raiatea Island",20
"YTL-Thompson",20
"GZO-Gizo",20
"SCU-Santiago De Cuba",20
"YDF-Deer Lake",20
"SSJ-Sandnessjoen",20
"JKH-Chios",20
"DGA-Dallas-Fort Worth",20
"AZS-Samana",20
"EIS-Tortola",20
"PAT-Patina",20
"SKZ-Sukkur",20
"KVD-Ganja",20
"PUF-Pau",16
"YZS-Coral Harbour",16
"HTI-Hamilton Island",16
"FNJ-Pyongyang",16
"YQQ-Comox",16
"GRB-Green Bay",16
"LET-Leticia",16
"BUZ-Bushehr",16
"NBS-Nairobi",16
"IDA-Idaho Falls",16
"XAP-Chapeco",16
"HEA-Herat",16
"KZO-Kzyl-Orda",16
"VOL-Nea Anghialos",16
"ABA-Abakan",16
"PMF-Parma",16
"BLJ-Batna",16
"BHQ-Broken Hill",16
"AXA-The Valley",16
"NOS-Nosy-be",16
"DIY-Diyabakir",16
"MQM-Mardin",16
"TAE-Taegu",16
"YKL-Waterloo",16
"LWS-Lewiston",16
"IQT-Iquitos",16
"LUM-Luxi",16
"ELH-North Eleuthera",16
"JJU-Qaqortoq",16
"YBG-Bagotville",16
"MQL-Mildura",16
"BMV-Buonmethuot",16
"AUQ-Hiva-oa",16
"FAE-Vagar",16
"PKC-Petropavlovsk",16
"HUH-Huahine Island",16
"PEI-Pereira",16
"JSH-Sitia",16
"GHA-Ghardaia",16
"RMF-Marsa Alam",16
"SCE-State College Pennsylvania",16
"PVH-Porto Velho",16
"EVV-Evansville",16
"SLA-Salta",16
"CCP-Concepcion",16
"YYQ-Churchill",16
"SCN-Saarbruecken",16
"JGN-Jiayuguan",16
"TRI-BRISTOL",16
"YNG-Youngstown",16
"NHV-Nuku Hiva",16
"KSC-Kosice",16
"CDB-Cold Bay",16
"TLM-Tlemcen",16
"ELS-East London",16
"MCG-Mcgrath",16
"YHM-Hamilton",16
"VAN-Van",16
"GNY-Sanliurfa",16
"SDL-Sundsvall",16
"TOL-Toledo",16
"UBA-Uberaba",16
"BTK-Bratsk",16
"YSM-Fort Smith",16
"KLU-Klagenfurt",16
"FNI-Nimes",16
"REG-Reggio Calabria",16
"IXJ-Jammu",16
"CFR-Caen",16
"AKX-Aktyubinsk",16
"LXS-Limnos",16
"HUN-Hualien",16
"CJJ-Chongju",16
"JIU-Jiujiang",16
"GDX-Magadan",16
"BVG-Berlevag",16
"MLN-Melilla",16
"ZLO-Manzanillo",16
"DLH-Duluth",16
"SOG-Sogndal",16
"YHU-Chevery",16
"MZG-Makung",16
"LVI-Livingstone",16
"GEV-Gallivare",16
"DNH-Dunhuang",16
"GBT-Gorgan",16
"BCD-Bacolod",16
"SOC-Solo City",16
"OSI-Osijek",16
"RDZ-Rodez",16
"TCZ-Tengchong",16
"JIC-Djibouti",16
"YFC-Fredericton",16
"CAY-Cayenne",16
"YPX-Powell River",16
"MCX-Makhachkala",16
"AZI-Abu Dhabi",16
"KNH-Kinmen",16
"MSA-Moree",16
"DLU-Dali",16
"EBU-St-Etienne",16
"LBC-Luebeck",16
"HUY-Humberside",16
"UTH-Udon Thani",16
"BKG-Buckland",16
"DGO-Durango",16
"PLZ-Port Elizabeth",16
"UCT-Ukhta",16
"CXR-Nha Trang",16
"SHP-Qinhuangdao",16
"QSF-Setif",16
"KER-Kerman",16
"JOI-Joinville",16
"MBS-Saginaw",16
"FAY-Fayetteville",16
"YKU-Yakutsk",16
"KHG-Kashi",16
"YVQ-Norman Wells",16
"TWB-Toowoomba",16
"HNA-Hanamaki",16
"CTL-Charlieville",16
"NDG-Qiqihar",16
"PNK-Pontianak",16
"TMR-Tamanrasset",16
"PFB-Passo Fundo",16
"VBY-Visby",16
"FLW-Flores",16
"BJA-Bejaja",16
"BLZ-Blantyre",16
"GYS-Guangyuan",16
"GXF-Sayun Intl",16
"SNU-Santa Clara",16
"ENY-Yan'an",16
"AZD-Yazd",16
"KSM-St Mary's",16
"MVY-Vineyard Haven MA",16
"MQP-Mpumalanga",16
"GIZ-Gizan",16
"MAJ-Majuro",16
"RLK-Bayannur",16
"VDC-Vitória Da Conquista",16
"PGK-Pangkal Pinang",16
"PYJ-Yakutia",16
"JXA-Jixi",16
"PGA-Page",16
"YIC-Yichun",16
"EYK-Beloyarsky",16
"SDK-Sandakan",16
"SRY-Dasht-e-naz",16
"SRE-Sucre",16
"YAM-Sault Sainte Marie",16
"BQN-Aguadilla",16
"YBC-Baie Comeau",16
"TOF-Tomsk",16
"HLZ-Hamilton",16
"LSC-La Serena",16
"AZO-Kalamazoo",16
"GUR-Gurney",16
"PUQ-Punta Arenas",16
"PNZ-Petrolina",16
"KDH-Kandahar",16
"YCB-Cambridge Bay",16
"YXY-Whitehorse",16
"XBE-Chapeco",16
"GKA-Goroka",16
"GPT-Gulfport",16
"CJC-Calama",16
"MWZ-Mwanza",16
"TBU-Tongatapu",16
"PNP-Girua",16
"MUA-Munda",16
"CUK-Cuneo",16
"ZAM-Zamboanga",16
"STS-Santa Rosa",16
"MOT-Minot",16
"HTS-Huntington",16
"BTR-Baton Rouge",16
"HLH-Ulanhot",16
"TAB-Scarborough",16
"HOV-Orsta-Volda",16
"CEN-Ciudad Obregon",16
"WUA-Wuhai",16
"NSN-Nelson",16
"EZS-Elazig",16
"TRZ-Tiruchirappalli",16
"TGG-Kuala Terengganu",16
"BCV-Belmopan",16
"MZV-Mulu",16
"WWK-Wewak",16
"WMN-Maroantsetra",16
"APW-Faleolo",15
"HSL-Huslia",15
"BJF-Batsfjord",15
"YHD-Dryden",12
"ANX-Andoya",12
"MOZ-Moorea",12
"IXR-Ranchi",12
"PZU-Port Sudan",12
"WBB-Warsaw",12
"CGA-Kerkyra/corfu",12
"KKA-Koyuk",12
"HRI-Mattala",12
"YPH-Ottawa",12
"THL-Tachilek",12
"BHK-Bukhara",12
"CCV-Craig Cove",12
"HEH-Heho",12
"UNG-Kiunga",12
"DUD-Dunedin",12
"YVB-Rouyn",12
"ARI-Arica",12
"BTT-Bettles",12
"TJU-Kulyab",12
"BJM-Bujumbura",12
"BHV-Bahawalpur",12
"YBK-Baker Lake",12
"AOK-Karpathos",12
"DIB-Mohanbari",12
"EGM-Sege",12
"CRP-Corpus Christi",12
"RBY-Ruby",12
"SKN-Stokmarknes",12
"FKQ-Fak Fak",12
"HAD-Halmstad",12
"CKS-Parauapebas",12
"USH-Ushuaia",12
"WAA-Wales",12
"HOD-Hodeidah",12
"PLW-Palu",12
"TAL-Takamatsu",12
"YPM-Ottawa",10
"HYL-Hydaburg",9
"BGM-Binghamton",9
"ELI-Elim",9
"GDT-Cockburn Town",9
"TPP-Tarapoto",9
"UUA-Bugulma",9
"YMO-Makkovik",9
"TLN-Hyeres",9
"ZSA-Cockburn Town",9
"VNX-Vilankulu",9
"PVU-Provo",9
"TOB-Tobruk",9
"ONG-Mornington Island",9
"AEB-San Andres Island",9
"DIR-Dire Dawa",9
"COQ-Choibalsan",9
"PMW-Palmas",9
"RBR-Rio Branco",9
"TMS-Sao Tome",9
"CEI-Chiang Rai",9
"TVU-Matei",9
"IXS-Silchar",9
"YPJ-Ottawa",9
"NYA-Nyagan",9
"INU-Nauru",9
"SVJ-Svolvær",9
"PUU-Puerto Asis",9
"RVK-Rørvik",9
"YGL-Kingston",9
"HBA-Hobart",9
"GRJ-George",9
"RIA-Santa Maria",9
"DMD-Doomadgee",9
"MLU-Monroe",9
"XIL-Xilinhot",9
"DIL-Dili",9
"ZEL-Bella Bella",9
"CXJ-Caxias Do Sul",9
"AYQ-Uluru",9
"DCM-Castres",9
"ETH-Elat",9
"RSH-Russian Mission",9
"OHE-Mohe County",9
"GOM-Goma",9
"BNK-Ballina Byron Bay",9
"YHY-Hay River",9
"NOV-Huambo",9
"JNZ-Jinzhou",9
"BHE-Woodbourne",9
"IJK-Izhevsk",9
"ABD-Abadan",9
"CWA-Wassau",9
"PLQ-Palanga",9
"MEA-Macaé",9
"GLK-Galcaio",9
"LIF-Lifou",9
"NVI-Navoi",9
"CNJ-Cloncurry",9
"LMP-Lampedusa",9
"TLE-Toliara",9
"LDH-Lord Howe Island",9
"SPP-Menongue",9
"TRG-Tauranga",9
"IQN-Qingyang",9
"KSQ-Khanabad",9
"CMW-Camaguey",9
"KWN-Quinhagak",9
"AKJ-Asahikawa",9
"ERZ-Erzurum",9
"BGA-Bucaramanga",9
"VAI-Vanimo",9
"KIT-Kithira",9
"ZVK-Savannakhet",9
"FMN-Farmington",9
"AJL-Aizwal",9
"KLV-Karlovy Vary",9
"EMK-Emmonak",9
"BZG-Bydgoszcz",9
"JTC-Bauru",9
"GLT-Gladstone",9
"ERI-Erie",9
"BUA-Buka Island",9
"BHH-Bisha",9
"YYD-Smithers",9
"NPL-New Plymouth",9
"IXZ-Port Blair",9
"YQD-The Pas",9
"BBK-Kasane",9
"YXT-Terrace",9
"ERS-Windhoek",9
"ERC-Erzincan",9
"BAL-Batman",9
"SDD-Lubango",9
"UIB-Quibdo",9
"KVX-Kirov",9
"PCL-Pucallpa",9
"MIM-Merimbula",9
"JKL-Kalymnos",9
"GCC-Gillette",9
"SVB-Sambava",9
"BNX-Banja Luka",9
"CUC-Cucuta",9
"UEL-Quelimane",9
"ZSJ-St.-pierre",9
"SFT-Skelleftea",9
"DUT-Unalaska",9
"PWQ-Pavlodar",9
"BRM-Barquisimeto",9
"YKG-Waterloo",9
"KVG-Kavieng",9
"MNG-Maningrida",9
"CAW-Campos",9
"RST-Rochester",9
"WVB-Walvis Bay",9
"YHR-Chevery",9
"YGR-Iles De La Madeleine",9
"AZN-Andizhan",9
"DDG-Dodge City",9
"BSK-Biskra",9
"YQX-Gander",9
"AAQ-Anapa",9
"NDB-Nouadhibou",9
"GES-Romblon",9
"MMY-Miyako",9
"GTE-Groote Eylandt",9
"YEK-Eskimo Point",9
"VDE-Hierro",9
"DNR-Dinard",9
"JIJ-Jijiga",9
"ITO-Hilo",9
"SRP-Stord",9
"SMS-Sainte Marie",9
"YUD-Toronto",9
"YSK-Sanikiluaq",9
"KOT-Kotlik",9
"UAP-Ua Pou",9
"YXC-Cranbrook",9
"POR-Pori",9
"DLE-Dole",9
"PNL-Pantelleria",9
"SRZ-Santa Cruz",9
"YCS-Chesterfield Inlet",9
"LLF-Yongzhou",9
"NQN-Neuquen",9
"BFN-Bloemfontein",9
"FSP-St.-pierre",9
"CPR-Casper",9
"LNK-Lincoln",9
"YHI-Holman Island",9
"GRI-Grand Island",9
"EAM-Nejran",9
"PNI-Pohnpei",9
"VIL-Dakhla",9
"YYE-Smithers",9
"DRO-Durango",9
"YUY-Rouyn",9
"JHS-Sisimiut",9
"RKS-Rock Springs",9
"KLG-Kalskag",9
"KUH-Kushiro",9
"SVU-Savusavu",9
"KGI-Kalgoorlie",9
"KWA-Kwajalein",9
"GAJ-Yamagata",9
"YYH-Spence Bay",9
"LRD-Laredo",9
"PIR-Pierre",9
"LSP-Paraguana",9
"ASW-Aswan",9
"YQG-Windsor",9
"NPE-NAPIER",9
"GRK-Killeen",9
"JGD-Jamnagar",9
"YYG-Charlottetown",9
"TVC-Traverse City",9
"PDG-Padang",9
"KNX-Kununurra",9
"ROK-Rockhampton",9
"INH-Inhambane",9
"DLI-Dalat",9
"EUN-El Aaiún",9
"MMB-Memanbetsu",9
"CPO-Copiapo",9
"NBX-Nabire",9
"YSJ-St. John",9
"ACV-Arcata CA",9
"ROT-Rotorua",9
"DAU-Daru",9
"ITH-Ithaca",9
"GAN-Gan Island",9
"OUL-Oulu",9
"BWT-Burnie",9
"OSD-Östersund",9
"KUA-Kuantan",9
"URA-Uralsk",9
"FTE-El Calafate",9
"IPA-Ipota",9
"STW-Stavropol",9
"YSO-Postville",9
"YNA-Natashquan",9
"DOU-Dourados",9
"VCA-Can Tho",9
"YIF-St-Augustin",9
"IPN-Ipatinga",9
"NCU-Nukus",9
"KCM-Kahramanmaras",9
"HOF-Al-ahsa",9
"YBX-Lourdes-De-Blanc-Sablon",9
"AUX-Araguaina",9
"KTS-Brevig Mission",9
"OSR-Ostrava",9
"PHO-Philadelphia",9
"GOV-Gove",9
"MXL-Mexicali",9
"LRS-Leros",9
"ENU-Enugu",9
"GLV-Golovin",9
"JEG-Aasiaat",9
"BTJ-Banda Aceh",9
"DPL-Dipolog",9
"LUK-Ludhiaha",9
"MSR-Mus",9
"JCB-Joacaba",9
"YFO-Flin Flon",9
"LBU-Labuan",9
"LPP-Lappeenranta",9
"YMT-Makkovik",9
"SLH-Sola",9
"YBL-Campbell River",9
"BBA-Balmaceda",9
"YCO-Coppermine",9
"GPA-Patras",9
"XMH-Manihi",9
"SAF-Santa Fe",9
"YFH-Fredericton",9
"MQX-Makale",9
"EQS-Esquel",9
"VST-Vasteras",9
"YMN-Makkovik",9
"ISC-ST MARY\\'S",9
"LLI-Lalibella",9
"ABT-El-baha",9
"OUZ-Zouerat",9
"CAC-Cascavel",9
"HKN-Hoskins",9
"YHK-Gjoa Haven",9
"PQC-Phuquoc",9
"GWD-Gwadar",9
"MZR-Mazar-i-sharif",9
"PAZ-Poza Rico",9
"IXL-Leh",9
"PPW-Papa Westray",9
"MYT-Myitkyina",9
"YQK-Kenora",9
"TRW-Tarawa",9
"WUZ-Wuzhou",9
"MTV-Ablow",9
"LKN-Leknes",9
"TTE-Ternate",9
"LBE-Latrobe",9
"ESM-Esmeraldas",9
"TIM-Timika",9
"AEX-Alexandria",9
"MLX-Malatya",9
"YGT-Igloolik",9
"ANM-Antalaha",9
"BUQ-Bulawayo",9
"URT-Surat Thani",9
"MAU-Maupiti",9
"ZGU-Gaua Island",9
"VAS-Sivas",9
"YQF-Red Deer Industrial",9
"WLS-Wallis",9
"RYK-Rahim Yar Khan",9
"LFT-Lafayette",9
"TBG-Tabubil",9
"IXA-Agartala",9
"PLX-Semiplatinsk",9
"YAY-Yap",9
"IRA-Kirakira",9
"OAJ-Jacksonville NC",9
"MHQ-Mariehamn",9
"IXC-Chandigarh",9
"KSY-Kars",9
"PXU-Pleiku",9
"KGA-Kananga",9
"PQQ-Port Macquarie",9
"OSY-Namsos",9
"NNM-Naryan-Mar",9
"MGM-MONTGOMERY",9
"SKK-Shaktoolik",9
"URJ-Uraj",9
"BHI-Bahia Blanca",9
"XIC-Xichang",9
"KSN-Kostanay",9
"AGS-Bush Field",9
"JUL-Juliaca",9
"AVA-Anshun",9
"TOH-Loh/Linua",9
"LWY-Lawas",9
"IGR-Iguazu Falls",9
"LNE-Lonorore",9
"VAW-Vardø",9
"UAH-Ua Huka",9
"YKA-Kamloops",9
"YUT-Repulse Bay",9
"KSH-Bakhtaran",9
"KCZ-Kochi",9
"CFB-Cabo Frio",9
"SBP-San Luis Obispo",9
"JUZ-Quzhou",9
"LRE-Longreach",8
"NRL-North Ronaldsay",8
"TGM-Tirgu Mures",8
"DMB-Dzhambul",8
"TOE-Tozeur",8
"INB-Iron Mountain",8
"CYO-Cayo Largo del Sur",6
"ULB-Ambryn Island",6
"CYB-Cayman Brac",6
"EDL-Eldoret",6
"FDE-Rome",6
"KNG-Kaimana",6
"AKP-Anaktuvuk Pass",6
"LNY-Lanai",6
"GHB-Governor's Harbor",6
"KAL-Kaltag",6
"NYK-Nanyuki",6
"KKH-Kongiganak",6
"ATM-Altamira",6
"ZRJ-Zurich",6
"PQS-Port Macquarie",6
"CIJ-Cobija",6
"SBZ-Sibiu",6
"HSG-Saga",6
"DEA-Dera Ghazi Khan",6
"SOJ-Sorkjosen",6
"BGF-Bangui",6
"LKE-Lakeba Island",6
"INZ-In Salah",6
"WNN-Napakiak",6
"SVK-Svolvær",6
"FKI-Kisangani",6
"TKX-Takaroa",6
"YER-Eskimo Point",6
"NYU-Bagan",6
"MYD-Malindi",6
"HYA-Barnstable",6
"MKK-Molokai",6
"ELD-El Dorado",6
"TUB-Tubuai",6
"YXN-Whale Cove",6
"NDY-Sanday",6
"BOC-Bocas Del Toro",6
"KTB-Karratha",6
"NUL-Nulato",6
"TIH-Tikehau",6
"EWB-New Bedford",6
"YAG-Fort Frances",6
"TKG-Bandar Lampung-Sumatra Island",6
"AET-Allakaket",6
"HVG-Honningsvag",6
"KPN-Kipnuk",6
"LNV-Lancaster",6
"PIX-Pico",6
"RUR-Rurutu",6
"NLK-Norfolk Island",6
"ERM-Erechim",6
"TIZ-Tari",6
"CKB-Clarksburg",6
"AHE-Ahe",6
"JIK-Ikaria",6
"KYA-Konya",6
"MXH-Moro",6
"BHO-Bhopal",6
"KWK-Kwigillingok",6
"MDK-Mbandaka",6
"YAX-Yap",6
"GIS-Gisborne",4
"PKE-Parkes",4
"CLQ-Colima",4
"FAV-Fakarava",4
"KLR-Kalkmar",4
"LEB-Lebanon",4
"ZCO-Temuco",4
"DLG-Dillingham",4
"PSE-Ponce",4
"INL-International Falls",4
"ULV-Ulyanovsk",4
"JNN-Nanortalik",4
"LGL-Long Datih",4
"MXX-Mora",4
"YFA-Inuvik",4
"AXP-Spring Point",4
"RAE-Arar",4
"MRX-Bandar Mahshahr",4
"BRA-Barreiras",4
"IXM-Madurai",4
"FKS-Fukushima",4
"MOF-Maumere",4
"FEN-Fernando Do Noronha",4
"OMH-Uromiyeh",4
"SVA-Savoonga",4
"PDV-Plovdiv",4
"AXU-Axum",4
"VAA-Vaasa",4
"YCY-Clyde River",4
"EBJ-Esbjerg",4
"LWB-Lewisburg",4
"NRA-Narrandera",4
"ACH-Altenrhein",4
"PSG-Petersburg",4
"RVE-Saravena",4
"MDQ-Mar Del Plata",4
"ATY-Watertown",4
"KPO-Pohang",4
"RBQ-Rabat",4
"SNP-St. Paul Island",4
"LCR-Columbus",4
"KIM-Kimberley",4
"JLR-Jabalpur",4
"YNO-Yanji",4
"COD-Cody",4
"BKY-Bukavu/kavumu",4
"MYA-Moruya",4
"MQT-Gwinn",4
"FSM-Fort Smith",4
"URY-Guriat",4
"DRV-DHARAVANDHOO",4
"EVG-Sveg",4
"KOC-Koumac",4
"MOQ-Morondava",4
"IGM-Igiugig",4
"LLK-Lankaran",4
"SVP-Kuito",4
"HDS-Hoedspruit",4
"TBB-Tuy Hoa",4
"PPB-President Prudente",4
"ROP-Rota",4
"TAC-Tacloban",4
"WRG-Wrangell",4
"KOV-Kokshetau",4
"JUJ-Jujuy",4
"KGE-Kagau Island",4
"IZA-Juiz de Fora",4
"KLW-Klawock",4
"HAQ-Haa Dhaalu Atoll",4
"DDC-Dodge City",4
"ADU-Ardabil",4
"UTP-Pattaya",4
"UPN-Uruapan",4
"OZZ-Ouarzazate",4
"JQA-Uummannaq",4
"KDM-Kaadedhdhoo",4
"CEG-Hawarden",4
"BRL-Burlington",4
"GFF-Griffith",4
"KSF-Kassel",4
"MPA-Mpacha",4
"BQB-Brusselton",4
"MGZ-Myeik",4
"SBY-Salisbury",4
"HOT-Hot Springs",4
"IAM-Zarzaitine",4
"PND-Pamplona",4
"RMA-Roma",4
"YQY-Sydney",4
"RSU-Yeosu",4
"YGX-Gillam",4
"XKS-Phon Savan",4
"MII-Marília",4
"BSG-Bata",4
"OHH-Mohe County",4
"ABX-Albury",4
"CBQ-Calabar",4
"CDV-Cordova",4
"DNZ-Denizli",4
"VHC-Saurimo",4
"DLY-Dillon's Bay",4
"MSJ-Misawa",4
"RCE-Richard's Bay",4
"OZH-Zaporozhye",4
"BHS-Bathurst",4
"FUJ-Fukue",4
"YAB-Arctic Bay",4
"YPN-Port Menier",4
"WGA-Wagga Wagga",4
"TSH-Tshikapa",4
"ULH-Olgii",4
"AXM-Armenia",4
"PDA-Puerto Inírida",4
"KYU-Koyukuk",4
"MKL-Jackson",4
"STV-Surat",4
"PEM-Puerto Maldonado",4
"NUI-Nuiqsut",4
"BEU-Bedourie",4
"AQJ-Aqaba",4
"APO-Carepa",4
"ASJ-Amami",4
"TYR-Tyler",4
"DMU-Dimapur",4
"CCM-Criciuma",4
"PCR-Puerto Carreno",4
"BNY-Banja Luka",4
"MCN-Macon",4
"LYB-Little Cayman",4
"UDR-Udaipur",4
"YDQ-Nain",4
"DIK-Dickinson",4
"CEC-Crescent City",4
"KRO-Kurgan",4
"USU-Busuanga",4
"YTQ-Thompson",4
"SLQ-Sleetmute",4
"CRI-Colonel Hill",4
"HNS-Haines",4
"HPB-Hooper Bay",4
"BMU-Bima",4
"VIG-El Vigía",4
"UKS-Sevastopol",4
"AKU-Aksu",4
"GLF-Golfito",4
"GST-Gustavus",4
"HCR-Holy Cross",4
"AFA-San Rafael",4
"IBE-Ibague",4
"SDV-Tel-aviv",4
"PET-Pelotas",4
"MVP-Mitu",4
"TRO-Taree",4
"AKV-Aksu",4
"AOG-Anshan",4
"KTG-Ketapang",4
"YLH-Whatì",4
"ENE-Ende",4
"NYT-Naypyidaw",4
"LLU-Alluitsup Paa",4
"SKU-Skiros",4
"DBO-Dubbo",4
"PJM-Puerto Jimenez",4
"VHM-Vilhelmina",4
"BSA-Bosaso",4
"DSK-Dera Ismael Khan",4
"CFC-Cacador",4
"KUD-Kudat",4
"TVY-Dawei",4
"UTN-Upington",4
"TGJ-Tiga",4
"SRX-Sirt",4
"BIK-Biak",4
"TNO-Nicoya",4
"JCK-Julia Creek",4
"KSD-Karlstad",4
"CAB-Cabinda",4
"AKY-Sittwe",4
"YRB-Resolute",4
"IXD-Allahabad",4
"BGG-Bangui",4
"LUG-Lugano",4
"GKK-Kooddoo",4
"EAS-San Sebastian",4
"CBT-Catumbela",4
"GDQ-Gondar",4
"FKL-Franklin",4
"LNB-Lamen Bay",4
"KVL-Kivalina",4
"SHW-Sharurah",4
"KWM-Kowanyama",4
"SJZ-Sao Jorge Island",4
"RNB-Ronneby",4
"GLN-Galcaio",4
"FBS-Lubumashi",4
"JAC-Jacksn Hole",4
"MOC-Montes Claros",4
"KKI-Kongiganak",4
"HFA-Haifa",4
"HGR-Hagerstown",4
"BLE-Barcelona",4
"IPL-Imperial",4
"PED-Pardubice",4
"HUS-Hughes",4
"ESU-Essadouira",4
"YNS-Yanji",4
"JHM-Lahania-kapalua",4
"YPY-Fort Chipewyan",4
"HIN-Sacheon",4
"PUW-Pullman",4
"YGH-Fort Good Hope",4
"TUP-Tupelo",4
"MLB-Melbourne",4
"MZH-Merzifon",4
"GIU-Sigiriya",4
"YWL-Williams Lake",4
"ERL-Erenhot",4
"YIO-Pond Inlet",4
"TAP-Tapachula",4
"TCQ-Tacna",4
"VDH-Hierro",4
"YKF-Waterloo",4
"SLW-Saltillo",4
"HVB-Hervey Bay",4
"CYF-Chefornak",4
"WBQ-Wapenamanda",4
"AGR-Agra",4
"YQZ-Quesnel",4
"GEL-Santo Angelo",4
"AIN-Wainwright",4
"ZFN-Tulita",4
"YWH-Victoria",4
"STD-Santo Domingo",4
"ORV-Noorvik",4
"XBJ-Birjand",4
"ZEM-Bella Bella",4
"YAC-Arctic Bay",4
"IMT-Iron Mountain",4
"AOR-Alor Setar",4
"IGA-Matthew Town",4
"HHH-Hilton Head Island",4
"NGQ-Shiquanhe",4
"ORB-Sinop",4
"SHX-Shageluk",4
"SOW-Show Low",4
"VIJ-Spanish Town",4
"MMJ-Matsumoto",4
"TMJ-Termez",4
"GXH-Xiahe city",4
"AWD-Aniwa",4
"TLA-Teller",4
"RET-Røst",4
"LYC-Lycksele",4
"DED-Dehra Dun",4
"YOJ-Yancheng",4
"MJM-Mbuji-mayi",4
"RHI-Rhinelander",4
"BDH-Bandar Lengeh",4
"EWN-New Bern",4
"SFG-St. Martin",4
"ALS-Alamosa",4
"VKT-Vorkuta",4
"SGU-Saint George",4
"PJA-Pajala",4
"RNL-Rennell Island",4
"PKY-Palangkaraya",4
"VQS-Vieques Island",4
"CNP-Neerlerit Inaat",4
"SVS-Sevilla",4
"BKS-Bengkulu",4
"AXD-Alexandroupolis",4
"XSB-Sir Bani Yas Island",4
"WMO-White Mountain",4
"CFN-Dongloe",4
"SGO-St George",4
"BRO-Brownsville",4
"BRD-Brainerd",4
"JTY-Astypalaia",4
"WIC-Wick",4
"RBV-Ramata",4
"RVV-Raivavae",4
"YUX-Hall Beach",4
"CMI-Champaign",4
"UBP-Ubon Ratchathani",4
"KRF-Kramfors",4
"KWT-Kwethluk",4
"BXU-Butuan",4
"PPP-Prosserpine",4
"JNS-Narsaq",4
"BFI-Seattle",4
"HZH-Liping",4
"JKG-Joenkoeping",4
"YIK-Yichang",4
"CXI-Kiritimati",4
"YZG-Yellowknife",4
"BYC-Yacuiba",4
"CFS-Coff's Harbour",4
"FRW-Francistown",4
"DUJ-Du Bois",4
"RZR-Ramsar",4
"DEB-Debrecen",4
"CLL-College Station",4
"BVI-Birdsville",4
"ZLT-La Tabatière",4
"DRG-Deering",4
"DAV-David",4
"BNC-Beni",4
"PPK-Petropavlosk",4
"ORH-Worcester",4
"PHS-Phitsanulok",4
"YWB-Vancouver",4
"ART-Watertown",4
"PBL-Puerto Cabello",4
"STG-Point Barrow",4
"MPH-Caticlan",4
"AUU-Aurukun",4
"MGB-Mount Gambier",4
"BNI-Benin",4
"DHB-Dumaguete",4
"PDP-Punta del Este",4
"CJL-Chitral",4
"RMI-Rimini",4
"KEJ-Kemorovo",4
"QRW-Queretaro",4
"CPV-Campina Grande",4
"ONQ-Zonguldak",4
"ANV-Anvik",4
"WIN-Winton",4
"UAS-Samburu South",4
"BFD-Bradford",4
"TSJ-Tsushima",4
"XSC-South Caicos",4
"SDN-Sandane",4
"SWJ-Malekula Island",4
"HFS-Hagfors",4
"ZHY-Zhongwei",4
"UIH-Phucat",4
"HLA-Johannesburg",4
"RMT-Rimatara",4
"LPI-Linkoeping",4
"MME-Teesside",4
"APN-Alpena",4
"PZH-Zhob",4
"MOV-Moranbah",4
"EEK-Eek",4
"YAP-Yap",4
"SZE-Kuala Lumpur",4
"OTH-North Bend",4
"ARU-Aracatuba",4
"BPX-Bangda",4
"LAQ-Al Bayda'",4
"ZTB-Tête-à-la-Baleine",4
"MKM-Mukah",4
"SXP-Sao Felix do Araguaia",4
"SJK-Sao Jose Dos Campos",4
"AKI-Akiak",4
"KDI-Kendari",4
"NNT-Nan",4
"YTE-Cape Dorset",4
"HEK-Heihe",4
"AUK-Alakanuk",4
"YWJ-Deline",4
"LSE-La Crosse",4
"LBJ-Labuhan Bajo",4
"NOZ-Novokuznetsk",4
"ZKE-Zihuatanejo",4
"VCL-Chu Lai",4
"YRG-Rigolet",4
"SNW-Thandwe",4
"AAN-Al Ain",4
"NDU-Rundu",4
"SGY-Skagway",4
"LOH-La Toma (Catamayo)",4
"LMT-Klamath Falls",4
"HPH-Haiphong",4
"HRO-Harrison",4
"NTN-Normanton",4
"MJD-Moenjodaro",4
"WNR-Windorah",4
"ZPB-Osorno",4
"YSY-Postville",4
"DYR-Anadyr",4
"PAG-Pagadian",4
"YGV-Havre-Saint-Pierre",4
"MOU-Mountain Village",4
"SMR-Santa Marta",4
"PEU-Puerto Lempira",4
"ACI-Alderney",4
"JSU-Maniitsoq",4
"ALH-Albany",4
"EDR-Pormpuraaw",4
"YXP-Pangnirtung",4
"VEE-Venetie",4
"OCC-Coca",4
"YIN-Yining",4
"ULK-Lensk",4
"IAN-Kiana",4
"KSJ-Kasos",4
"LZY-Nyingchi",4
"MTR-Monteria",4
"HAA-Hasvik",4
"ZUM-Zhuhai",4
"BJZ-Badajoz",4
"DJB-Jambi",4
"RDN-Redang",4
"AGF-Agen",4
"MJN-Mahajanga",4
"JHW-Jamestown",4
"FRS-Flores",4
"JUV-Upernavik",4
"BBN-Bario",4
"GTO-Gorontalo",4
"TKK-Chuuk",4
"PSO-Pasto",4
"LTX-Latacunga",4
"CLV-Caldas Novas",4
"DWD-Dawadmi",4
"AJI-Agri",4
"DQA-Denpasar",4
"AOO-Altoona",4
"CRA-Craiova",4
"DEC-Decatur",4
"GAE-Gabes",4
"JBQ-La Isabela",4
"BAX-Barnaul",4
"YZY-Mackenzie British Columbia",4
"KSA-Kosrae",4
"LCK-Columbus",4
"KIF-Kristianstad",4
"KDO-Laamu Atoll",4
"IXU-Aurangabad",4
"TUO-Taupo",4
"OZC-Ozamis",4
"WKJ-Wakkanai",4
"YAT-Yap",4
"PIZ-Point Lay",4
"AGH-Ängelholm",4
"MMU-Maio",4
"XQP-Quepos",4
"TME-Tame",4
"USK-Usinsk",4
"ELG-El Golea",4
"LCH-Lake Charles",4
"HUX-Huatulco",4
"CSY-Cheboksary",4
"TYF-Torsby",4
"ODN-Long Seridan",4
"KNS-King Island",4
"KWJ-Kwangju",4
"STC-Saint Cloud",4
"MHK-Manhattan",4
"LOD-Longana",4
"WRY-Westray",4
"NSH-Noshahr",4
"LRT-Lorient",4
"JDH-Jodhpur",4
"YNC-Yenbo",4
"FTA-Futuna Island",4
"CHG-Chaoyang",4
"BKC-Buckland",4
"ATT-Amritsar",4
"SVI-San Vincente De Caguan",4
"LBL-Liberal",4
"HBX-Hubli",4
"KOK-Kruunupyy",4
"COU-Columbia",4
"MGW-Morgantown",4
"LAU-Lamu",4
"PHC-Port Hartcourt",4
"BDQ-Baroda",4
"SZA-Soyo",4
"WRE-Whangarei",4
"UBJ-Yamaguchi",4
"NAQ-Qaanaaq",4
"DZN-Zhezkazgan",4
"AQI-Hafr Al-batin",4
"WAT-Waterford",4
"SMX-Santa Maria",4
"JFR-Paamiut",4
"YOP-Yola",4
"KKC-Khon Kaen",4
"SMK-St. Michael",4
"LDS-Yinchun",4
"TLT-Toulouse",4
"YZT-Port Hardy",4
"YHO-Hopedale",4
"ATK-Atqasuk",4
"HRM-Tilrempt",4
"KCT-Koggala",4
"OPS-Sinop",4
"YCL-Castlegar",4
"XCH-Christmas Island",4
"ISN-Williston",4
"IRG-Lockhart River",4
"KBU-Kota Bahru",4
"MLG-Malang",4
"BUC-Burketown",4
"YYB-North Bay",4
"PGX-Perigueux",4
"VXC-Lichinga",4
"BTI-Barter Island",4
"LPM-Lamap",4
"SOY-Stronsay",4
"VCS-Conson",4
"OOK-Toksook Bay",4
"HNH-Hoonah",4
"ACR-Araracuara",4
"TJQ-Tanjung Pandan",4
"IVC-Invercargill",4
"YHP-Hopedale",4
"WSX-South Naknek",4
"CUE-Cuenca",4
"BYN-Bayankhongor",4
"CIK-Cobija",4
"SUG-Sangley Point",4
"CMA-Cunnamulla",4
"VAK-Chevak",4
"KGX-Kos",4
"GAM-Gambell",4
"YXX-Abbotsford",4
"FTU-Tolagnaro",4
"PPQ-Paraparaumu",4
"DGT-Dumaguete",4
"UVE-Ouvea",4
"AVN-Avignon",4
"JST-Johnstown",4
"ZYL-Sylhet Osmani",4
"OWB-Owensboro",4
"LBS-Lambasa",4
"MEG-Malanje",4
"MYG-Mayaguana",4
"NAV-Nevsehir",4
"YQU-Grande Prairie",4
"YUM-Yuma",4
"USN-Ulsan",4
"AJF-Al-Jawf",4
"MQF-Magnetiogorsk",4
"KND-Kindu",4
"RGA-Rio Grande",4
"ADF-Adiyaman",4
"YQC-Quebec",4
"HUI-Hue",4
"SIT-Sitka",4
"TMC-Waikabubak-Sumba Island",4
"ULP-Quilpie",4
"YCG-Castlegar",4
"YCD-Nanaimo",4
"TPQ-Tepic",4
"YWP-Williams Lake",4
"IGD-Matthew Town",4
"ZAT-Zhaotong",4
"QOW-Imo",4
"IPC-Easter Island",4
"XCR-Chalons",4
"AKF-Kufra",4
"HJJ-Zhijiang",4
"BOY-Bobo-dioulasso",4
"PBJ-Paama Island",4
"SHB-Nakashibetsu",4
"YAK-Yakutat",4
"SLI-Solwesi",4
"GOQ-Golmud",4
"DAB-Daytona Beach",4
"GOU-Garoua",4
"MUN-Maturin",4
"SKX-Saransk",4
"ZAL-Valdivia",4
"CYS-Cheyenne",4
"CAP-Cap Haitien",4
"LGP-Legazpi",4
"CME-Ciudad Del Carmen",4
"YGP-Gaspe",4
"AGT-Ciudad del Este",4
"BEB-Benbecula",4
"PZI-Zhob",4
"MCY-Maroochydore",4
"MVT-Mataiva",4
"CVU-Corvo",4
"LKH-Long Akah",4
"LYR-Svalbard",4
"BQL-Boulia",4
"ABL-Ambler",4
"MLW-Monrovia",4
"NNB-Santa Ana",4
"ASE-Aspen",4
"SHH-Shishmaref",4
"RNA-Ulawa",4
"KRN-Kiruna",4
"KDV-Vunisea",4
"SNE-Sao Nocolau Island",4
"BUX-Bunia",3
"LKL-Lakselv",3
"VAO-Suavanao",3
"MIS-Misima Island",2
"KIS-Kisumu",2
"LOK-Lodwar",2
"BMY-Waala",2
"EOI-Eday",2
"DJG-Djanet",2
"TNK-Tanjung Pinang",2
"KOZ-Ganzhou",2
"FON-La Fortuna/San Carlos",2
"HOI-Hao Island",2
"GMB-Gambella",2
"GAF-Gafsa",2
"TMU-Nicoya",2
"BKW-Beckley",2
"YVZ-Vancouver",2
"ORI-Worcester",2
"QBC-Bella Coola",2
"SAB-Saba",2
"FLS-Flinders Island",2
"VLL-Valladolid",2
"KUK-Kasigluk",2
"TID-Tiaret",2
"OIA-Ourilandia do Norte",2
"MRE-Masai Mara",2
"MLL-Marshall",2
"UAQ-San Julian",2
"CHY-Choiseul Bay",2
"OBU-Kobuk",2
"FRE-Fera Island",2
"WTK-Noatak",2
"SCM-Scammon Bay",2
"KEM-Kemi",2
"POJ-Patos de Minas",2
"LUQ-San Luis",2
"ZBF-Bathurst",2
"AIT-Aitutaki",2
"ASO-Asosa",2
"SMA-Santa Maria (island)",2
"JYV-Jyvaskyla",2
"AIU-Atiu Island",2
"NUP-Nulato",2
"RVT-Ravensthorpe",2
"AMH-Arba Minch",2
"JIM-Jimma",2
"RIG-Richmond",2
"CKD-Clarksburg",2
"CUQ-Coen",2
"PMZ-Palmar Sur",2
"NME-Nightmute",2
"SHG-Shungnak",2
"TFI-Tefe",2
"SHD-Weyers Cave",2
"SPD-Saidpur",2
"WTL-Noatak",2
"EPR-Esperance",2
"BJR-Bahar Dar",2
"LUV-Langgur-Kei Islands",2
"YYU-Kapuskasing",2
"MUW-Ghriss",2
"ZIG-Ziguinchor",2
"CCK-Cocos Keeling Island",1
"LEN-Leon",1
"IKS-Tiksi",1
"AAT-Aarhus",1
"OLF-Wolf Point",1
"KAT-Kaitaia",1
"PPG-Pago Pago",1
"KKR-Kaukura Atoll",1
"CTM-Chetumal",1
"OMO-Mostar",1
"HVR-Havre",1
"BXB-Babo",1
"CZH-Coro",1
"WGP-Waingapu",1
"MSZ-Mocamedes",1
"KVK-Apatity",1
"POG-Port Gentil",1
"TRE-Tiree",1
"ARM-Armidale",1
"PHW-Phalaborwa",1
"VUS-Valledupar",1
"NOB-Nosara Beach",1
"HOM-Homer",1
"ZOS-Osorno",1
"VRC-Virac",1
"ABS-Abu Simbel",1
"ICI-Cicia",1
"HMV-Hemavan",1
"WYA-Whyalla",1
"JLN-Joplin",1
"ELU-Guemar",1
"NVA-Neiva",1
"OSW-Orsk",1
"OBY-Ittoqqortoormiit",1
"SAX-Istanbul",1
"EUX-Oranjestad",1
"HUU-Huánuco",1
"TKP-Takapoto",1
"SOM-San Tome",1
"CUM-Cumana",1
"THS-Sukhothai",1
"ELL-Elim",1
"TTU-Tetouan",1
"SRV-Sarasota",1
"KPB-Ganzhou",1
"BKM-Bakalalan",1
"UMD-Uummannaq",1
"GAO-Guantanamo",1
"OST-Ostend",1
"EAR-Nejran",1
"AEY-Akureyri",1
"TBW-Tambow",1
"CPC-San Martin Des Andes",1
"MEB-Melbourne",1
"RGK-Gorno-Altaysk",1
"BTM-Butte",1
"EJH-Wejh",1
"ESL-Elista",1
"TCT-Tacna",1
"OLC-Sao Paulo de Olivenca",1
"RKD-Rockland",1
"TCG-Tacheng",1
"MRZ-Moree",1
"ESC-Escanaba",1
"CMG-Corumba",1
"YOL-Yola",1
"ASV-Amboseli National Park",1
"LQM-Puerto Leguízamo",1
"RRG-Rodriguez Island",1
"SLK-Saranac Lake",1
"KUO-Kuopio",1
"KGT-Kos",1
"PBO-Paraburdoo",1
"DIU-Diu",1
"BHJ-Bhuj",1
"PIB-Hattiesburg/Laurel",1
"SUJ-Satu Mare",1
"PIN-Parintins",1
"SIC-Sinop",1
"GTR-Columbus Mississippi",1
"CYZ-Cauayan",1
"OER-Ornskoldsvik",1
"RDV-Raleigh-durham",1
"AGN-Angoon",1
"WBM-Wapenamanda",1
"WEI-Weipa",1
"PZB-Pietermaritzburg",1
"MQH-Minacu",1
"BDU-Bardufoss",1
"PXM-Puerto Escondido",1
"MKP-Makemo",1
"KCC-Kuqa",1
"SVC-Sambava",1
"MUE-Kamuela",1
"CIU-Sault Ste Marie",1
"YJT-Yiwu",1
"CSH-Solovetsky Islands",1
"ARC-Arctic Village",1
"RSA-Santa Rosa",1
"VKG-Rach Gia",1
"DCY-Derby",1
"BHU-Bhaunagar",1
"CEZ-Cortez",1
"YPC-Ottawa",1
"ARK-Arusha",1
"DHM-Kangra",1
"JBR-Jonesboro",1
"PXO-Porto Santo",1
"MSS-Massena",1
"OLH-Wolf Point",1
"KVC-King Cove",1
"YZP-Sandspit",1
"ABM-Amberley",1
"FLO-Florence",1
"KFS-Kastamonu",1
"KTE-Kerteh",1
"OLP-Olympic Dam",1
"PVE-Providence",1
"SXK-Saumlaki",1
"LEH-Le Havre",1
"KZR-Kutahya",1
"JQE-Jaqué",1
"ULG-Olgii",1
"PVA-Providencia",1
"RES-Resistencia",1
"YLC-Kimmirut",1
"AOS-Alor Setar",1
"IRK-Kirksville",1
"CHU-Charleston",1
"DIW-Diu",1
"OGS-Ogdensburg",1
"GVR-Governador Valadares",1
"CIP-Chipata",1
"BRR-Barra",1
"TBP-Tumbes",1
"MHG-Mannheim",1
"TOG-Togiak Village",1
"BKZ-Bukoba",1
"VCT-Victoria",1
"MGT-Milingimbi",1
"WSN-South Naknek",1
"GCK-Garden City",1
"LOE-Loei",1
"RNN-Ronne",1
"ACZ-Zabol",1
"TMW-Tamworth",1
"CED-Ceduna",1
"DND-Dundee",1
"YIE-Arxan",1
"EGS-Egilsstadir",1
"THD-Tuxtla Gutierrez",1
"BSC-Bahia Solano",1
"MOD-Modesto",1
"CIZ-Coari",1
"IRZ-Santa Isabel do Rio Negro",1
"TEE-Tebessa",1
"LZC-Lazard Cardenas",1
"EGN-Geneina",1
"VLS-Valesdir",1
"VLV-Valera",1
"GDZ-Gelendzhik",1
"ELF-El Fasher",1
"UNN-Ranong",1
"KDU-Skardu",1
"MLO-Milos",1
"GRV-Grozny",1
"WMR-Mananara",1
"LBF-North Platte",1
"TAY-Tartu",1
"ADK-Adak Island",1
"PRH-Phrae",1
"YLE-Whatì",1
"GHT-Ghat",1
"VUP-Valledupar",1
"MVR-Maroua",1
"ELV-Elfin Cove",1
"ZKG-Kegaska",1
"IAA-Igarka",1
"FJR-Fujeirah",1
"BAZ-Barcelos",1
"WMX-Wamena",1
"UEO-Kumejima",1
"TNW-Antananarivo",1
"ZMT-Masset",1
"OKL-Oksibil",1
"AFL-Alta Floresta",1
"EXI-Newark",1
"IZO-Izumo",1
"KHS-Khasab",1
"MYU-Mekoryuk",1
"WWT-Wewak",1
"RCH-Rio Hacha",1
"TUC-Tucuman",1
"LXG-Luang Namtha",1
"AAY-Al Ghaidah Intl",1
"SDG-Sanandaj",1
"SFN-Santa Fe",1
"DOL-Deauville",1
"SLN-Salina",1
"ODO-Bodaibo",1
"YSG-Lutselk'e",1
"BVB-Boa Vista",1
"SJL-Sao Gabriel",1
"BDB-Bundaberg",1
"VGA-Vijayawada",1
"DHI-Dhangarhi",1
"RVD-Rio Verde",1
"SDY-Sidney",1
"TQL-Tarko-Sale",1
"MBI-Mbeya",1
"CEM-Chelyabinsk",1
"OLA-Orland",1
"PJG-Panjgur",1
"KAO-Kuusamo",1
"CDC-Cedar City",1
"JOL-Jolo",1
"QUB-Setif",1
"MTS-Manzini",1
"NYI-Nyagan",1
"IRP-Isiro",1
"ENA-Kenai",1
"KME-Kamembe",1
"NAJ-Nakhchivan",1
"WLH-Walaha",1
"ACT-Waco",1
"TBN-Fort Leonardwood",1
"NQU-Nuquí",1
"KHD-Khorram Abad",1
"BZL-Barisal",1
"IKI-Iki",1
"YRA-Gamètì",1
"RDD-Redding",1
"MSU-Maseru",1
"RMP-Rimini",1
"WNP-Naga",1
"RRS-Roros",1
"JGA-Jamnagar",1
"AHN-Athens",1
"KEW-Kengtung",1
"NAW-Narathiwat",1
"DHN-Dothan",1
"AXK-Ataq",1
"LYH-Lynchburg",1
"KAW-Kawthoung",1
"KUU-Kulu",1
"ATD-Atoifi",1
"ITB-Itaituba",1
"MAZ-Mayaguez",1
"NTQ-Wajima",1
"RIW-Riverton WY",1
"CNY-Moab",1
"MTT-Minatitlan",1
"GNM-Guanambi",1
"TGI-Tingo Maria",1
"OBO-Obihiro",1
"MAQ-Tak",1
"YPW-Powell River",1
"NLT-Xinyuan",1
"LKG-Lokichoggio",1
"KUV-Kunsan",1
"PFQ-Parsabad",1
"BFQ-Bloemfontein",1
"BJI-Bemidji",1
"LPY-Le Puy",1
"SNV-Santa Ana De Uairen",1
"PTG-Potgietersrus",1
"HJR-Khajuraho",1
"POI-Potosi",1
"PMY-Puerto Madryn",1
"IGG-Igiugig",1
"MKQ-Merauke",1
"LUH-Ludhiaha",1
"AFZ-Sabzevar",1
"AUR-Aurillac",1
"JAL-Jalapa",1
"MBE-Monbetsu",1
"LFR-La Fria",1
"CZU-Corozal",1
"MNT-Manila",1
"MRD-Merida",1
"RSD-Rock Sound",1
"URE-Kuressaare",1
"IFO-Ivano-Frankivsk",1
"IIL-Ilam",1
"JSI-Skiathos",1
"RCM-Richmond",1
"PDT-Pendleton",1
"SML-Stella Maris",1
"SSR-Pentecost Island",1
"LCX-Longyan",1
"KOO-Kongolo",1
"BHB-Bar Harbor",1
"BNS-Barinas",1
"MPN-Mount Pleasant",1
"LUR-Cape Lisburne",1
"IPH-Ipoh",1
"PQI-Presque Isle",1
"CMU-Kundiawa",1
"RUA-Arua",1
"YZR-Sarnia",1
"SSY-M'banza-congo",1
"LWN-Gyumri",1
"LGQ-Legazpi",1
"ILI-Iliamna",1
"TTQ-Roxana",1
"CPX-Culebra Island",1
"LPT-Lampang",1
"CVM-Ciudad Victoria",1
"TGR-Touggourt",1
"KOS-Sihanoukville",1
"TNJ-Tanjung Pinang",1
"YNY-Sokcho / Gangneung",1
"RGS-Burgos",1
"TKS-Tokushima",1
"SHL-Shillong",1
"IWK-Iwami",1
"GIL-Gilgit",1
"ATC-Arthur's Town",1
"YVM-Broughton Island",1
"PYC-Pleiku",1
"KLL-Kalskag",1
"TLJ-Tallahassee",1
"KPV-Perryville",1
"SHC-Nakashibetsu",1
"OGD-Ogden",1
"DCN-Derby",1
"YQL-Lethbridge",1
"GLO-Golouchestershire",1
"UIN-Quincy",1
"ENH-Enshi",1
"NRK-Norrkoeping",1
"GPB-Guarapuava",1
"RAJ-Rajkot",1
"THN-Trollhattan",1
"KZS-Kastelorizo",1
"SDE-Santiago Del Estero",1
"MBL-Montego Bay",1
"PAF-Pakuba",1
"FUO-Funafuti",1
"PYY-Pai",1
"BWA-Bhairawa",1
"PKR-Pokhara",1
"CAJ-Canaima",1
"AHU-Al Hociema",1
"CKZ-Canakkale",1
"ILD-Lleida",1
"LEQ-Land's End",1
"GRP-Gurupi",1
"MJU-Mytilini",1
"HKK-Hokitika",1
"UKX-Ust-Kut",1
"PBU-Putao",1
"AOE-Eskissehir",1
"SKE-Skien",1
"IVL-Ivalo",1
"BUN-Buenaventura",1
"HDM-Hamadan",1
"YGK-Kingston",1
"XMS-Macas",1
"VGZ-Villa Garzon",1
"YES-Yasuj",1
"IRC-Kirakira",1
"YPL-Ottawa",1
"KYZ-Kyzyl",1
"GMA-Gemena",1
"BHR-Bharatpur",1
"EDO-Balikesir Korfez",1
"CPE-Campeche",1
"CGM-Camiguin",1
"GMZ-La Gomera",1
"HOB-Hobbs",1
"CXB-Cox's Bazar",1
"MEI-Meridian",1
"LAR-Laramie",1
"MAM-Matamoros",1
"CSK-Cap Skiring",1
"CLM-Port Angeles",1
"MDU-Mendi",1
"SUR-Satu Mare",1
"TGC-Tenerife",1
"GMR-Totegegie",1
"MHC-Castro",1
"ELC-Elcho Island",1
"ANR-Antwerp",1
"ANG-Angouleme",1
"LNS-Lancaster",1
"GDV-Glendive",1
"VEL-Vernal",1
"XTG-Thargomindah",1
"GHE-Governor's Harbor",1
"YOG-Yancheng",1
"EAE-Sangafa",1
"WAG-Wanganui",1
"PAS-Paros",1
"PSM-Portsmouth",1
"KCL-Kuching",1
"HKB-Healy",1
"LYP-Faisalabad",1
"VLD-Valdosta",1
"SLM-Salamanca",1
"BCI-Barcaldine",1
"YDP-Nain",1
"KET-Kengtung",1
"OIM-Oshima",1
"BEJ-Tanjung Redep-Borneo Island",1
"KRP-Karup",1
"TMI-Tumling Tar",1
"FLG-Flagstaff",1
"PRA-Parana",1
"PTU-Port Moller",1
"TNC-Tin City",1
"BYO-Bointo",1
"JPR-Ji-Paraná",1
"YUB-Toronto",1
"OMR-Oradea",1
"VBV-Vanua Balavu",1
"VPY-Chimoio",1
"ANS-Andahuaylas",1
"NLD-Nuevo Laredo",1
"UST-St. Augustine Airport",1
"CGI-Cape Girardeau",1
"SLX-Salt Cay",1
"SHM-Nanki-shirahama",1
"GOP-Gorakhpur",1
"UYU-Uyuni",1
"CIC-Chico",1
"KAJ-Kajaani",1
"MXV-Muren",1
"TUR-Tucurui",1
"RJL-Logroño-Agoncillo",1
"IOA-Ioannina",1
"NVK-Narvik",1
"IAR-Yaroslavl",1
"MFU-Mfuwe",1
"AGX-Agatti Island",1
"CPD-Coober Pedy",1
"SCK-Stockton",1
"LAW-Lawton",1
"BMW-Bordj Badji Mokhtar",1
"CKH-Chokurdah",1
"VLY-Angelsey",1
"TRR-Trinciomalee",1
"DPO-Devonport",1
"YBR-Brandon",1
"SPB-Charlotte Amalie",1
"PYH-Puerto Ayacucho",1
"YFS-Fort Simpson",1
"SVL-Savonlinna",1
"PNA-Pamplona",1
"BAY-Baia Mare",1
"DBQ-Dubuque IA",1
"BSO-Basco",1
"WSZ-Westport",1
"AUG-Augusta",1
"ESD-Eastsound",1
"UIP-Quimper",1
"TKD-Takoradi",1
"NTX-Ranai-Natuna Besar Island",1
"PKA-Napaskiak",1
"PDS-Piedras Negras",1
"TMT-Oriximina",1
"JOE-Joensuu",1
"APF-Naples",1
"KRY-Karamay",1
"HVD-Khovd",1
"SRA-Santa Rosa",1
"TTJ-Tottori",1
"TWF-Twin Falls",1
"KGC-Kingscote",1
"PSJ-Poso",1
"CDR-Chadron",1
"CMX-Hancock",1
"RTA-Rotuma",1
"MEC-Manta",1
"PRC-Prescott",1
"ILY-Islay",1
"NLG-Nelson Lagoon",1
"NGE-N'gaoundere",1
"BJB-Bojnourd",1
"LTO-Loreto",1
"PWE-Pevek",1
"BIM-Alice Town",1
"PBD-Porbandar",1
"AVV-Avalon",1
"ONJ-Odate Noshiro",1
"BFF-Scottsbluff",1
"ABI-Abilene",1
"LUW-Luwuk",1
"SYQ-San Jose",1
"ABR-Aberdeen",1
"CZS-Cruzeiro do Sul",1
"MTM-Metakatla",1
"ABY-Albany",1
"SSB-Salvador",1
"CAH-Ca Mau",1
"CAL-Campbeltown",1
"KQA-Akutan",1
"CXH-Vancouver",1
"VIS-Visalia",1
"HNM-Hana",1
"TXK-Texarkana",1
"KSO-Kastoria",1
"ISE-Isparta",1
"SCZ-Santa Cruz/Graciosa Bay/Luova",1
"MMH-Mammoth Lakes",1
"SFL-Sao Filipe, Fogo Island",1
"FUT-Futuna Island",1
"GWL-Gwalior",1
"EMD-Emerald",1
"TEB-Teterboro",1
"LMN-Limbang",1
"RCB-Richard's Bay",1
"KKE-Kerikeri",1
"HDN-Hayden",1
"SJI-San Jose",1
"IFJ-Isafjordur",1
"ZSE-St.-pierre",1
"LKB-Lakeba Island",1
"ACU-Waco",1
"GUC-Gunnison",1
"JOS-Jos",1
"LUD-Luderitz",1
"PVC-Provincetown",1
"PLO-Port Lincoln",1
"DRK-Puntarenas",1
"EKO-Elko",1
"CBO-Cotabato",1
"IWJ-Iwami",1
"DIN-Dienbienphu",1
"TCO-Tumaco",1
"OGL-Georgetown",1
"AUC-Arauca",1
"YFJ-Wekweeti",1
"CJM-Chumphon",1
"EAT-Wenatchee",1
"JSR-Jessore",1
"HYG-Hydaburg",1
"HTN-Hotan",1
"SDP-Sand Point",1
"ODY-Muang Xay",1
"DIJ-Dijon",1
"HVN-New Haven",1
"WNA-Napakiak",1
"EGE-Vail",1
"KAE-Kaduna",1
"HGN-Mae Hong Son",1
"PUE-Puerto Obaldia",1
"CYP-Calbayog City",1
"LPD-La Pedrera",1
"BKQ-Blackall",1
"CSG-Columbus",1
"BQK-Brunswick",1
"WLK-Selawik",1
"SVZ-San Antonio",1
"GCW-Grand Canyon",1
"THU-Thule",1
"ROO-Rondonopolis",1
"ATA-Anta",1
"OAL-Cacoal",1
"AQA-Araracuara",1
"PPV-Papeete",1
"CXF-Cox's Bazar",1
"GFN-Grafton",1
"NST-Nakhon Si Thammarat",1
"FUN-Funafuti",1
"CBH-Béchar",1
"ARW-Arad",1
"CHX-Changuinola",1
"TNN-Tainan",1
"WRL-Worland",1
"LAZ-Bom Jesus Da Lapa",1
"ULO-Ulaangom",1
"LEC-Lençóis",1
"GCN-Grand Canyon",1
"BVH-Vilhena",1
"ETR-Santa Rosa",1
"CNM-Carlsbad",1
"KOP-Nakhon Phanom",1
"XKH-Phon Savan",1
"BDP-Chandragarhi",1
"KYP-Kyaukpyu",1
"IBA-Ibadan",1
"MCV-McArthur River Mine",1
"PES-Petrozavodsk",1
"MBT-Masbate",1
"QUO-Uyo",1
"AAX-Araxa",1
"AKK-Akhiok",1
"BZO-Bolzano",1
"GGW-Glasgow",1
"AIA-Alliance",1
"PIH-Pocatello",1
"YKM-Yakima",1
"RIB-Riberalta",1
"RUS-Marau",1
"JNX-Cyclades Islands",1
"OGZ-Beslan",1
"TBT-Tabatinga",1
"TKE-Takoradi",1
"BLD-Barcelona",1
"FLA-Florencia",1
"XGR-Hamburg",1
"RVN-Rovaniemi",1
"TCB-Treasure Cay",1
"YLL-Whatì",1
"ZQZ-Zweibruecken",1
"RJH-Rajshahi",1
"PAV-Paulo Alfonso",1
"PPN-Popayan",1
"TEQ-Çorlu",1
"MYW-Mtwara",1
"SYB-Sao Felix do Xingu",1
"URG-Uruguaiana",1
"MSL-Muscle Shoals",1
"ERN-Eirunepe",1
"PRI-Praslin",1
"SKO-Sokoto",1
"SJT-San Angelo",1
"YYF-Penticton",1
"CTC-Catamarca",1
"GPI-Guapi",1
"LPS-Lopez",1
"YUS-Yushu",1
"RXS-Roxas City",1
"TCR-Tacna",1
"CIX-Chiclayo",1
"OTD-Namsos",1
"MCM-McCook",1
"BPT-Beaumont",1
"MWA-Marion",1
"AJR-Arvidsjaur",1
"TAG-Tagbilaran",1
"FRD-Friday Harbor",1
"AYP-Ayacucho",1
"ZDY-Temuco",1
"RHD-Rio Hondo",1
"SYM-Simao",1
"RAH-Rafha",1
"VIN-Vinnitsa",1
"YKT-Yakutsk",1
"YPR-Prince Pupert",1
"LDU-Lahad Datu",1
"NIB-Nuku Hiva",1
"HAC-Hachijojima",1
"TIU-Timaru",1
"MMO-Maio",1
"IPT-Williamsport",1
"PKB-PARKERSBURG",1
"UYL-Nyala",1
"MNA-Melonguane",1
"YGZ-Grise Fiord",1
"MKG-Muskegon",1
"ILP-Île des Pins",1
"SPS-Wichita Falls",1
"YXH-Medicine Hat",1
"WJU-Wonju",1
"TRU-Trujillo",1
"DEE-Yuzhno-Kurilsk",1
"URS-Kursk",1
"TTT-Fengnin",1
"PUB-Pueblo",1
"TML-Tamale",1
"BWK-Brac",1
"LUO-Luena",1
"KMS-Kumasi",1
"SJE-San Jose Del Guaviare",1
"LTD-Ghadames",1
"BPL-Bole",1
"AXR-Arutua",1
"MOI-Mitiaro Island",1
"KKJ-Kitakyushu",1
"LGI-Dead Man's Cay",1
"HIB-Hibbing",1
"PGV-Greenville",1
"MGH-Margate",1
"BIR-Biratnagar",1
"CDJ-Conceicao Do Araguaia",1
"BLV-Belleville",1
"TUG-Tuguegarao",1
"MLY-Malatya",1
"MUK-Mauke Island",1
"LSA-Lorient",1
"LSY-Lismore",1
"TGH-Tongoa Island",1
"SCY-San Cristóbal",1
"SXO-Sao Felix do Araguaia",1
"MTJ-Montrose CO",1
"GET-Geraldton",1
"MWF-Maewo Island",1
"KLN-Larsen Bay",1
"HID-Horn Island",1
"ROW-Roswell",1
"MZL-Manizales",1
"SZI-Salzburg",1
"PLN-Pellston",1
"AUY-Anelghowhat",1
"GPS-Galapagos",1
"OND-Ondangwa",1
"AKB-Atka",1
"TVF-Thief River Falls",1
"IKO-Iki",1
"KAA-Kasama",1
"EYP-Yopal",1
"ALO-Waterloo",1
"PIU-Piura",1
"TST-Trang",1
"AGM-Angmagssalik",1
"MCK-McCook",1
"TUI-Turaif",1
"JSY-Syros Island",1
"KAZ-Kao",1
"EAU-Eau Claire",1
"TOU-Touho",1
"YAA-Anahim Lake",1
"DBA-Dalbandin",1
"KAD-Kaduna",1
"KNQ-Kone",1
"ZFM-Bella Bella",1
"UTT-Umtata",1
"KFP-False Pass",1
"NAH-Naha",1
"UDJ-Uzhgorod",1
"WNH-Napakiak",1
"ALW-Walla Walla",1
"LMC-Lilongwe",1
"TCD-Treasure Cay",1
"VDM-Viedma",1
"GRW-Graciosa Island",1
"HON-Huron",1
"IXG-Belgaum",1
"BUW-Bau-Bau",1
"YPO-Port Menier",1
"CRM-Catarman",1
"FMA-Formosa",1
"CYX-Cherskiy",1
"GJA-Guanaja",1
"EJA-Barrancabermeja",1
"KCG-Kuqa",1
"CJA-Cajamarca",1
"TTA-Tan Tan",1
"PEC-Portland",1
"GBB-Qabala",1
"GYA-Guayaramerín",1
"MCE-Merced",1
"TDX-Trat",1
"KGP-Kogalym",1
"RUT-Rutland",1
"GDE-Gode",1
"BNB-Boende",1
"UKA-Ukunda",1
"EGX-Egegik",1
"SCT-Socotra",1
"MCP-Macapa",1
"RDC-Redencao",1
"OAG-Orange",1
"SYO-Shonai",1
"KCQ-Kahramanmaras",1
"IRJ-La Rioja",1
"BSD-Bahia Solano",1
"ROI-Roi Et",1
"SNO-Sakon Nakhon",1
"VDB-Fagernes",1
"MEE-Mare",1
"VDZ-Valdez",1
"GGG-Longview",1
"GNU-Guanambi",1
"OMD-Oranjemund",1
"LNJ-Lonorore",1
"LAI-Lannion",1
"KBC-Kao",1
"BXR-Bam",1
"LAO-Laoag",1
"PSS-Posadas",1
"PAH-PADUCAH",1
"SUX-Sioux City",1
"PEZ-Penza",1
"PUM-Punta Cana",1
"KID-Kristianstad",1
"MGS-Mangaia Island",1
"ILR-Ilorin",1
"LBP-Liberal",1
"KKB-Koyuk",1
"MYQ-Mysore",1
"KNU-Kanpur",1
"CZE-Coro",1
"XFW-Hamburg",1
"BRQ-Brno",1
"FVM-Futuna Island",1
"LAM-Los Alamos",1
"IAO-Siargao",1
"YZZ-Trail",1
"FOE-Topeka",1
"WHK-Whakatane",1
"KEP-Nepalgunj",1
"CND-Constanta",1
"SGD-Soenderborg",1
"SHR-Sheridan",1
"GLH-Greenville",1
"IPI-Ipiales",1
"KTL-Kitale",1
"LTI-Altai",1
"AGB-Augsburg",1
"LEA-Learmonth",1
"BFV-Buri Ram",1
"KCA-Kuqa",1
"ZNE-Newman",1
"CLD-Carlsbad",1
"PUG-Argyle",1
"KTT-Kittila",1
"BVV-Breves",1
